dataPlatform,schema,dataset,class,field,sqlDataType,sourceDataType,sourceEntityType,sourceNullable,columnSize,definedBy,ordinalPosition,pk,pii,classification,encodingType,idx,V11
CRM_SQLITE,main,ACTIVITY,ACTIVITY,ACTIVITY_DATE,12,DATETIME,Column,TRUE,2000000000,STRING,3,,,,,,
CRM_SQLITE,main,ACTIVITY,ACTIVITY,ACTIVITY_ID,6,NUMERIC,Column,FALSE,2000000000,REAL,2,true,,,,,
CRM_SQLITE,main,ACTIVITY,ACTIVITY,ACTIVITY_NOTE,12,VARCHAR,Column,TRUE,2000,STRING,4,,true,NOTES,,,
CRM_SQLITE,main,ACTIVITY,ACTIVITY,CUSTOMER_ID,6,NUMERIC,Column,TRUE,2000000000,REAL,1,,,,,,
CRM_SQLITE,main,ACTIVITY_NEW,ACTIVITY_NEW,activity_id,12,,Column,TRUE,2000000000,STRING,1,true,,,,,
CRM_SQLITE,main,ACTIVITY_NEW,ACTIVITY_NEW,customer_id,12,,Column,TRUE,2000000000,STRING,2,,,,,,
CRM_SQLITE,main,ACTIVITY_NEW,ACTIVITY_NEW,rank,12,,Column,TRUE,2000000000,STRING,3,,,,,,
CRM_SQLITE,main,ADDRESS,ADDRESS,ADDRESS_ID,6,NUMERIC,Column,FALSE,2000000000,REAL,2,true,true,ADDRESS,,,
CRM_SQLITE,main,ADDRESS,ADDRESS,CITY,12,VARCHAR,Column,TRUE,200,STRING,5,,true,CITY,,,
CRM_SQLITE,main,ADDRESS,ADDRESS,COUNTRY,12,VARCHAR,Column,TRUE,200,STRING,8,,true,COUNTRY,,,
CRM_SQLITE,main,ADDRESS,ADDRESS,CUSTOMER_ID,6,NUMERIC,Column,TRUE,2000000000,REAL,1,,,,,,
CRM_SQLITE,main,ADDRESS,ADDRESS,STATE,12,VARCHAR,Column,TRUE,200,STRING,7,,true,STATE,,,
CRM_SQLITE,main,ADDRESS,ADDRESS,STREET_ADDRESS_1,12,VARCHAR,Column,TRUE,200,STRING,3,,true,STREET,,,
CRM_SQLITE,main,ADDRESS,ADDRESS,STREET_ADDRESS_2,12,VARCHAR,Column,TRUE,200,STRING,4,,true,STREET,,,
CRM_SQLITE,main,ADDRESS,ADDRESS,ZIP,12,VARCHAR,Column,TRUE,200,STRING,6,,true,POSTAL_CODE,,,
CRM_SQLITE,main,BALANCE,BALANCE,AVAILABLE_AMOUNT,6,NUM,Column,TRUE,2000000000,REAL,4,,,,,,
CRM_SQLITE,main,BALANCE,BALANCE,BALANCE_ID,6,NUM,Column,TRUE,2000000000,REAL,2,,,,,,
CRM_SQLITE,main,BALANCE,BALANCE,BALANCE_REF_ID,6,NUM,Column,TRUE,2000000000,REAL,3,,,,,,
CRM_SQLITE,main,BALANCE,BALANCE,RESET_AMOUNT,6,NUM,Column,TRUE,2000000000,REAL,5,,,,,,
CRM_SQLITE,main,BALANCE,BALANCE,RESET_DATE,6,NUM,Column,TRUE,2000000000,REAL,6,,,,,,
CRM_SQLITE,main,BALANCE,BALANCE,SUBSCRIBER_ID,6,NUM,Column,TRUE,2000000000,REAL,1,,,,,,
CRM_SQLITE,main,BROADWAY_TEST,BROADWAY_TEST,FAMILY_NAME,12,TEXT,Column,TRUE,2000000000,STRING,2,,true,NAME,,,
CRM_SQLITE,main,BROADWAY_TEST,BROADWAY_TEST,NAME,12,TEXT,Column,TRUE,2000000000,STRING,1,,true,NAME,,,
CRM_SQLITE,main,CASES,CASES,ACTIVITY_ID,6,NUMERIC,Column,TRUE,2000000000,REAL,1,,,,,,
CRM_SQLITE,main,CASES,CASES,CASE_DATE,12,DATETIME,Column,TRUE,2000000000,STRING,3,,,,,,
CRM_SQLITE,main,CASES,CASES,CASE_ID,6,NUMERIC,Column,FALSE,2000000000,REAL,2,true,,,,,
CRM_SQLITE,main,CASES,CASES,CASE_TYPE,12,VARCHAR,Column,TRUE,200,STRING,4,,,,,,
CRM_SQLITE,main,CASES,CASES,STATUS,12,VARCHAR,Column,TRUE,200,STRING,5,,,,,,
CRM_SQLITE,main,CASE_NOTE,CASE_NOTE,CASE_ID,6,NUMERIC,Column,TRUE,2000000000,REAL,1,,,,,,
CRM_SQLITE,main,CASE_NOTE,CASE_NOTE,NOTE_DATE,12,DATETIME,Column,TRUE,2000000000,STRING,3,,,,,,
CRM_SQLITE,main,CASE_NOTE,CASE_NOTE,NOTE_ID,6,NUMERIC,Column,FALSE,2000000000,REAL,2,true,,,,,
CRM_SQLITE,main,CASE_NOTE,CASE_NOTE,NOTE_TEXT,12,VARCHAR,Column,TRUE,3000,STRING,4,,true,NOTES,,,
CRM_SQLITE,main,CONTRACT,CONTRACT,ASSOCIATED_LINE,12,VARCHAR,Column,TRUE,200,STRING,4,,true,TELEPHONE_NUMBER,,,
CRM_SQLITE,main,CONTRACT,CONTRACT,ASSOCIATED_LINE_FMT,12,VARCHAR,Column,TRUE,200,STRING,8,,true,TELEPHONE_NUMBER,,,
CRM_SQLITE,main,CONTRACT,CONTRACT,CONTRACT_DESCRIPTION,12,VARCHAR,Column,TRUE,200,STRING,5,,,,,,
CRM_SQLITE,main,CONTRACT,CONTRACT,CONTRACT_ID,6,NUMERIC,Column,FALSE,2000000000,REAL,2,true,,,,,
CRM_SQLITE,main,CONTRACT,CONTRACT,CONTRACT_REF_ID,6,NUMERIC,Column,TRUE,2000000000,REAL,3,,,,,,
CRM_SQLITE,main,CONTRACT,CONTRACT,CUSTOMER_ID,6,NUMERIC,Column,TRUE,2000000000,REAL,1,,,,,,
CRM_SQLITE,main,CONTRACT,CONTRACT,FROM_DATE,12,DATETIME,Column,TRUE,2000000000,STRING,6,,,,,,
CRM_SQLITE,main,CONTRACT,CONTRACT,TO_DATE,12,DATETIME,Column,TRUE,2000000000,STRING,7,,,,,,
CRM_SQLITE,main,CUSTOMER,CUSTOMER,CUSTOMER_ID,6,NUMERIC,Column,FALSE,2000000000,REAL,1,true,,,,,
CRM_SQLITE,main,CUSTOMER,CUSTOMER,FIRST_NAME,12,VARCHAR,Column,TRUE,200,STRING,3,,true,FIRST_NAME,,,
CRM_SQLITE,main,CUSTOMER,CUSTOMER,LAST_NAME,12,VARCHAR,Column,TRUE,200,STRING,4,,true,LAST_NAME,,,
CRM_SQLITE,main,CUSTOMER,CUSTOMER,SSN,12,VARCHAR,Column,TRUE,20,STRING,2,,true,SOCIAL_SECURITY_NUMBER,,,
CRM_SQLITE,main,DEVICESTABLE2017,DEVICESTABLE2017,AAC,6,NUM,Column,TRUE,2000000000,REAL,139,,,,,,
CRM_SQLITE,main,DEVICESTABLE2017,DEVICESTABLE2017,ALLOCATIONDATE,6,NUM,Column,TRUE,2000000000,REAL,22,,,,,,
CRM_SQLITE,main,DEVICESTABLE2017,DEVICESTABLE2017,AMR,6,NUM,Column,TRUE,2000000000,REAL,137,,,,,,
CRM_SQLITE,main,DEVICESTABLE2017,DEVICESTABLE2017,BRANDMODEL,12,TEXT,Column,TRUE,2000000000,STRING,2,,,,,,
CRM_SQLITE,main,DEVICESTABLE2017,DEVICESTABLE2017,BRANDNAME,12,TEXT,Column,TRUE,2000000000,STRING,6,,true,NAME,,,
CRM_SQLITE,main,DEVICESTABLE2017,DEVICESTABLE2017,BROWSER_ME,12,TEXT,Column,TRUE,2000000000,STRING,68,,,,,,
CRM_SQLITE,main,DEVICESTABLE2017,DEVICESTABLE2017,BROWSER_RENDERING_ENGINE,12,TEXT,Column,TRUE,2000000000,STRING,70,,,,,,
CRM_SQLITE,main,DEVICESTABLE2017,DEVICESTABLE2017,BROWSER_VERSION,12,TEXT,Column,TRUE,2000000000,STRING,69,,,,,,
CRM_SQLITE,main,DEVICESTABLE2017,DEVICESTABLE2017,CAMERA,6,NUM,Column,TRUE,2000000000,REAL,37,,,,,,
CRM_SQLITE,main,DEVICESTABLE2017,DEVICESTABLE2017,CHIPBLUETOOTH,12,TEXT,Column,TRUE,2000000000,STRING,10,,,,,,
CRM_SQLITE,main,DEVICESTABLE2017,DEVICESTABLE2017,CHIPNFC,12,TEXT,Column,TRUE,2000000000,STRING,9,,,,,,
CRM_SQLITE,main,DEVICESTABLE2017,DEVICESTABLE2017,CHIPSET,12,TEXT,Column,TRUE,2000000000,STRING,46,,true,DRIVER_LICENSE,,,
CRM_SQLITE,main,DEVICESTABLE2017,DEVICESTABLE2017,CHIPSETMODEL,12,TEXT,Column,TRUE,2000000000,STRING,47,,,,,,
CRM_SQLITE,main,DEVICESTABLE2017,DEVICESTABLE2017,CHIPSETVENDOR,12,TEXT,Column,TRUE,2000000000,STRING,45,,,,,,
CRM_SQLITE,main,DEVICESTABLE2017,DEVICESTABLE2017,CHIPWLAN,12,TEXT,Column,TRUE,2000000000,STRING,11,,,,,,
CRM_SQLITE,main,DEVICESTABLE2017,DEVICESTABLE2017,COOKIE,6,NUM,Column,TRUE,2000000000,REAL,84,,,,,,
CRM_SQLITE,main,DEVICESTABLE2017,DEVICESTABLE2017,COUNTRYCODE,6,NUM,Column,TRUE,2000000000,REAL,23,,,,,,
CRM_SQLITE,main,DEVICESTABLE2017,DEVICESTABLE2017,CPU,12,TEXT,Column,TRUE,2000000000,STRING,48,,,,,,
CRM_SQLITE,main,DEVICESTABLE2017,DEVICESTABLE2017,CPU_CORES,12,TEXT,Column,TRUE,2000000000,STRING,49,,,,,,
CRM_SQLITE,main,DEVICESTABLE2017,DEVICESTABLE2017,CPU_MAXIMUM_FREQUENCY,12,TEXT,Column,TRUE,2000000000,STRING,50,,,,,,
CRM_SQLITE,main,DEVICESTABLE2017,DEVICESTABLE2017,CSD,6,NUM,Column,TRUE,2000000000,REAL,99,,,,,,
CRM_SQLITE,main,DEVICESTABLE2017,DEVICESTABLE2017,CSS_ANIMATIONS,6,NUM,Column,TRUE,2000000000,REAL,117,,,,,,
CRM_SQLITE,main,DEVICESTABLE2017,DEVICESTABLE2017,CSS_COLUMNS,6,NUM,Column,TRUE,2000000000,REAL,118,,,,,,
CRM_SQLITE,main,DEVICESTABLE2017,DEVICESTABLE2017,CSS_TRANSFORMS,6,NUM,Column,TRUE,2000000000,REAL,119,,,,,,
CRM_SQLITE,main,DEVICESTABLE2017,DEVICESTABLE2017,CSS_TRANSITIONS,6,NUM,Column,TRUE,2000000000,REAL,120,,,,,,
CRM_SQLITE,main,DEVICESTABLE2017,DEVICESTABLE2017,DEVICEATLASID,12,TEXT,Column,TRUE,2000000000,STRING,17,,,,,,
CRM_SQLITE,main,DEVICESTABLE2017,DEVICESTABLE2017,DEVICEPIXELRATIO,6,NUM,Column,TRUE,2000000000,REAL,34,,,,,,
CRM_SQLITE,main,DEVICESTABLE2017,DEVICESTABLE2017,DEVICETYPE,12,TEXT,Column,TRUE,2000000000,STRING,12,,,,,,
CRM_SQLITE,main,DEVICESTABLE2017,DEVICESTABLE2017,DIAGOLSCREENSIZE,6,NUM,Column,TRUE,2000000000,REAL,32,,,,,,
CRM_SQLITE,main,DEVICESTABLE2017,DEVICESTABLE2017,DISPLAYPPI,6,NUM,Column,TRUE,2000000000,REAL,33,,,,,,
CRM_SQLITE,main,DEVICESTABLE2017,DEVICESTABLE2017,EDGE,6,NUM,Column,TRUE,2000000000,REAL,102,,,,,,
CRM_SQLITE,main,DEVICESTABLE2017,DEVICESTABLE2017,EXPANDABLE_STORAGE,6,NUM,Column,TRUE,2000000000,REAL,55,,,,,,
CRM_SQLITE,main,DEVICESTABLE2017,DEVICESTABLE2017,FIXEDCODE,12,TEXT,Column,TRUE,2000000000,STRING,24,,,,,,
CRM_SQLITE,main,DEVICESTABLE2017,DEVICESTABLE2017,FLASH_CAPABLE,6,NUM,Column,TRUE,2000000000,REAL,89,,,,,,
CRM_SQLITE,main,DEVICESTABLE2017,DEVICESTABLE2017,FREQUENCIES_BAND,12,TEXT,Column,TRUE,2000000000,STRING,4,,,,,,
CRM_SQLITE,main,DEVICESTABLE2017,DEVICESTABLE2017,GPRS,6,NUM,Column,TRUE,2000000000,REAL,101,,,,,,
CRM_SQLITE,main,DEVICESTABLE2017,DEVICESTABLE2017,GPU,12,TEXT,Column,TRUE,2000000000,STRING,51,,,,,,
CRM_SQLITE,main,DEVICESTABLE2017,DEVICESTABLE2017,HARDWARETYPE,12,TEXT,Column,TRUE,2000000000,STRING,28,,,,,,
CRM_SQLITE,main,DEVICESTABLE2017,DEVICESTABLE2017,HSCSD,6,NUM,Column,TRUE,2000000000,REAL,100,,,,,,
CRM_SQLITE,main,DEVICESTABLE2017,DEVICESTABLE2017,HSDPA,6,NUM,Column,TRUE,2000000000,REAL,103,,,,,,
CRM_SQLITE,main,DEVICESTABLE2017,DEVICESTABLE2017,HSPA,6,NUM,Column,TRUE,2000000000,REAL,105,,,,,,
CRM_SQLITE,main,DEVICESTABLE2017,DEVICESTABLE2017,HTML_AUDIO,6,NUM,Column,TRUE,2000000000,REAL,112,,true,AUDIO,,,
CRM_SQLITE,main,DEVICESTABLE2017,DEVICESTABLE2017,HTML_CANVAS,6,NUM,Column,TRUE,2000000000,REAL,113,,,,,,
CRM_SQLITE,main,DEVICESTABLE2017,DEVICESTABLE2017,HTML_INLINE_SVG,6,NUM,Column,TRUE,2000000000,REAL,114,,,,,,
CRM_SQLITE,main,DEVICESTABLE2017,DEVICESTABLE2017,HTML_SVG,6,NUM,Column,TRUE,2000000000,REAL,115,,,,,,
CRM_SQLITE,main,DEVICESTABLE2017,DEVICESTABLE2017,HTML_VIDEO,6,NUM,Column,TRUE,2000000000,REAL,116,,true,VIDEO,,,
CRM_SQLITE,main,DEVICESTABLE2017,DEVICESTABLE2017,HTTPS,6,NUM,Column,TRUE,2000000000,REAL,85,,,,,,
CRM_SQLITE,main,DEVICESTABLE2017,DEVICESTABLE2017,IMAGE__GIF87,6,NUM,Column,TRUE,2000000000,REAL,77,,,,,,
CRM_SQLITE,main,DEVICESTABLE2017,DEVICESTABLE2017,IMAGE__GIF89A,6,NUM,Column,TRUE,2000000000,REAL,78,,,,,,
CRM_SQLITE,main,DEVICESTABLE2017,DEVICESTABLE2017,IMAGE__JPG,6,NUM,Column,TRUE,2000000000,REAL,79,,,,,,
CRM_SQLITE,main,DEVICESTABLE2017,DEVICESTABLE2017,IMAGE__PNG,6,NUM,Column,TRUE,2000000000,REAL,80,,,,,,
CRM_SQLITE,main,DEVICESTABLE2017,DEVICESTABLE2017,INTERLMODEL,12,TEXT,Column,TRUE,2000000000,STRING,21,,,,,,
CRM_SQLITE,main,DEVICESTABLE2017,DEVICESTABLE2017,INTERL_STORAGE_CAPACITY,12,TEXT,Column,TRUE,2000000000,STRING,54,,,,,,
CRM_SQLITE,main,DEVICESTABLE2017,DEVICESTABLE2017,ISEREADER,6,NUM,Column,TRUE,2000000000,REAL,40,,,,,,
CRM_SQLITE,main,DEVICESTABLE2017,DEVICESTABLE2017,ISGAMESCONSOLE,6,NUM,Column,TRUE,2000000000,REAL,41,,,,,,
CRM_SQLITE,main,DEVICESTABLE2017,DEVICESTABLE2017,ISMEDIAPLAYER,6,NUM,Column,TRUE,2000000000,REAL,44,,,,,,
CRM_SQLITE,main,DEVICESTABLE2017,DEVICESTABLE2017,ISMOBILEPHONE,6,NUM,Column,TRUE,2000000000,REAL,38,,true,TELEPHONE_NUMBER,,,
CRM_SQLITE,main,DEVICESTABLE2017,DEVICESTABLE2017,ISSETTUPBOX,6,NUM,Column,TRUE,2000000000,REAL,43,,,,,,
CRM_SQLITE,main,DEVICESTABLE2017,DEVICESTABLE2017,ISTABLET,6,NUM,Column,TRUE,2000000000,REAL,39,,,,,,
CRM_SQLITE,main,DEVICESTABLE2017,DEVICESTABLE2017,ISTV,6,NUM,Column,TRUE,2000000000,REAL,42,,,,,,
CRM_SQLITE,main,DEVICESTABLE2017,DEVICESTABLE2017,JS_APPLICATION_CACHE,6,NUM,Column,TRUE,2000000000,REAL,121,,,,,,
CRM_SQLITE,main,DEVICESTABLE2017,DEVICESTABLE2017,JS_DEVICE_MOTION,6,NUM,Column,TRUE,2000000000,REAL,131,,,,,,
CRM_SQLITE,main,DEVICESTABLE2017,DEVICESTABLE2017,JS_DEVICE_ORIENTATION,6,NUM,Column,TRUE,2000000000,REAL,130,,,,,,
CRM_SQLITE,main,DEVICESTABLE2017,DEVICESTABLE2017,JS_GEO_LOCATION,6,NUM,Column,TRUE,2000000000,REAL,122,,,,,,
CRM_SQLITE,main,DEVICESTABLE2017,DEVICESTABLE2017,JS_INDEXEDDB,6,NUM,Column,TRUE,2000000000,REAL,123,,,,,,
CRM_SQLITE,main,DEVICESTABLE2017,DEVICESTABLE2017,JS_JSON,6,NUM,Column,TRUE,2000000000,REAL,97,,,,,,
CRM_SQLITE,main,DEVICESTABLE2017,DEVICESTABLE2017,JS_LOCAL_STORAGE,6,NUM,Column,TRUE,2000000000,REAL,124,,,,,,
CRM_SQLITE,main,DEVICESTABLE2017,DEVICESTABLE2017,JS_MODIFY_CSS,6,NUM,Column,TRUE,2000000000,REAL,92,,,,,,
CRM_SQLITE,main,DEVICESTABLE2017,DEVICESTABLE2017,JS_MODIFY_DOM,6,NUM,Column,TRUE,2000000000,REAL,91,,,,,,
CRM_SQLITE,main,DEVICESTABLE2017,DEVICESTABLE2017,JS_QUERY_SELECTOR,6,NUM,Column,TRUE,2000000000,REAL,133,,,,,,
CRM_SQLITE,main,DEVICESTABLE2017,DEVICESTABLE2017,JS_SESSION_STORAGE,6,NUM,Column,TRUE,2000000000,REAL,125,,,,,,
CRM_SQLITE,main,DEVICESTABLE2017,DEVICESTABLE2017,JS_SUPPORT_BASIC_JAVA_SCRIPT,6,NUM,Column,TRUE,2000000000,REAL,90,,,,,,
CRM_SQLITE,main,DEVICESTABLE2017,DEVICESTABLE2017,JS_SUPPORT_CONSOLE_LOG,6,NUM,Column,TRUE,2000000000,REAL,96,,,,,,
CRM_SQLITE,main,DEVICESTABLE2017,DEVICESTABLE2017,JS_SUPPORT_EVENTS,6,NUM,Column,TRUE,2000000000,REAL,93,,,,,,
CRM_SQLITE,main,DEVICESTABLE2017,DEVICESTABLE2017,JS_SUPPORT_EVENT_LISTENER,6,NUM,Column,TRUE,2000000000,REAL,94,,,,,,
CRM_SQLITE,main,DEVICESTABLE2017,DEVICESTABLE2017,JS_TOUCH_EVENTS,6,NUM,Column,TRUE,2000000000,REAL,132,,,,,,
CRM_SQLITE,main,DEVICESTABLE2017,DEVICESTABLE2017,JS_WEB_GL,6,NUM,Column,TRUE,2000000000,REAL,126,,,,,,
CRM_SQLITE,main,DEVICESTABLE2017,DEVICESTABLE2017,JS_WEB_SOCKETS,6,NUM,Column,TRUE,2000000000,REAL,127,,,,,,
CRM_SQLITE,main,DEVICESTABLE2017,DEVICESTABLE2017,JS_WEB_SQL_DATABASE,6,NUM,Column,TRUE,2000000000,REAL,128,,,,,,
CRM_SQLITE,main,DEVICESTABLE2017,DEVICESTABLE2017,JS_WEB_WORKERS,6,NUM,Column,TRUE,2000000000,REAL,129,,,,,,
CRM_SQLITE,main,DEVICESTABLE2017,DEVICESTABLE2017,JS_XHR,6,NUM,Column,TRUE,2000000000,REAL,95,,,,,,
CRM_SQLITE,main,DEVICESTABLE2017,DEVICESTABLE2017,LTE,6,NUM,Column,TRUE,2000000000,REAL,106,,,,,,
CRM_SQLITE,main,DEVICESTABLE2017,DEVICESTABLE2017,LTE_ADVANCED,6,NUM,Column,TRUE,2000000000,REAL,108,,,,,,
CRM_SQLITE,main,DEVICESTABLE2017,DEVICESTABLE2017,LTE_CATEGORY,6,NUM,Column,TRUE,2000000000,REAL,107,,,,,,
CRM_SQLITE,main,DEVICESTABLE2017,DEVICESTABLE2017,MANUFACTURER,12,TEXT,Column,TRUE,2000000000,STRING,3,,,,,,
CRM_SQLITE,main,DEVICESTABLE2017,DEVICESTABLE2017,MANUFACTURERCODE,12,TEXT,Column,TRUE,2000000000,STRING,25,,,,,,
CRM_SQLITE,main,DEVICESTABLE2017,DEVICESTABLE2017,MARKUP_WML1,6,NUM,Column,TRUE,2000000000,REAL,75,,,,,,
CRM_SQLITE,main,DEVICESTABLE2017,DEVICESTABLE2017,MARKUP_XHTML_BASIC_1V0,6,NUM,Column,TRUE,2000000000,REAL,71,,,,,,
CRM_SQLITE,main,DEVICESTABLE2017,DEVICESTABLE2017,MARKUP_XHTML_MP_1V0,6,NUM,Column,TRUE,2000000000,REAL,72,,,,,,
CRM_SQLITE,main,DEVICESTABLE2017,DEVICESTABLE2017,MARKUP_XHTML_MP_1V1,6,NUM,Column,TRUE,2000000000,REAL,73,,,,,,
CRM_SQLITE,main,DEVICESTABLE2017,DEVICESTABLE2017,MARKUP_XHTML_MP_1V2,6,NUM,Column,TRUE,2000000000,REAL,74,,,,,,
CRM_SQLITE,main,DEVICESTABLE2017,DEVICESTABLE2017,MEMORY_LIMIT_DOWNLOAD,6,NUM,Column,TRUE,2000000000,REAL,88,,,,,,
CRM_SQLITE,main,DEVICESTABLE2017,DEVICESTABLE2017,MEMORY_LIMIT_EMBEDDED_MEDIA,6,NUM,Column,TRUE,2000000000,REAL,87,,,,,,
CRM_SQLITE,main,DEVICESTABLE2017,DEVICESTABLE2017,MEMORY_LIMIT_MARKUP,6,NUM,Column,TRUE,2000000000,REAL,86,,,,,,
CRM_SQLITE,main,DEVICESTABLE2017,DEVICESTABLE2017,MIDI_MONOPHONIC,6,NUM,Column,TRUE,2000000000,REAL,135,,,,,,
CRM_SQLITE,main,DEVICESTABLE2017,DEVICESTABLE2017,MIDI_POLYPHONIC,6,NUM,Column,TRUE,2000000000,REAL,136,,,,,,
CRM_SQLITE,main,DEVICESTABLE2017,DEVICESTABLE2017,MOBILE_DEVICE,6,NUM,Column,TRUE,2000000000,REAL,27,,true,TELEPHONE_NUMBER,,,
CRM_SQLITE,main,DEVICESTABLE2017,DEVICESTABLE2017,MODELNAME,12,TEXT,Column,TRUE,2000000000,STRING,7,,true,MIDDLE_NAME,,,
CRM_SQLITE,main,DEVICESTABLE2017,DEVICESTABLE2017,MP3,6,NUM,Column,TRUE,2000000000,REAL,138,,,,,,
CRM_SQLITE,main,DEVICESTABLE2017,DEVICESTABLE2017,NFC,6,NUM,Column,TRUE,2000000000,REAL,36,,,,,,
CRM_SQLITE,main,DEVICESTABLE2017,DEVICESTABLE2017,NONREMOVABLEEUICC,12,TEXT,Column,TRUE,2000000000,STRING,16,,,,,,
CRM_SQLITE,main,DEVICESTABLE2017,DEVICESTABLE2017,NONREMOVABLEUICC,12,TEXT,Column,TRUE,2000000000,STRING,15,,,,,,
CRM_SQLITE,main,DEVICESTABLE2017,DEVICESTABLE2017,OS,12,TEXT,Column,TRUE,2000000000,STRING,8,,,,,,
CRM_SQLITE,main,DEVICESTABLE2017,DEVICESTABLE2017,OS_ANDROID,6,NUM,Column,TRUE,2000000000,REAL,59,,,,,,
CRM_SQLITE,main,DEVICESTABLE2017,DEVICESTABLE2017,OS_BADA,6,NUM,Column,TRUE,2000000000,REAL,60,,,,,,
CRM_SQLITE,main,DEVICESTABLE2017,DEVICESTABLE2017,OS_IOS,6,NUM,Column,TRUE,2000000000,REAL,61,,,,,,
CRM_SQLITE,main,DEVICESTABLE2017,DEVICESTABLE2017,OS_ME,12,TEXT,Column,TRUE,2000000000,STRING,57,,,,,,
CRM_SQLITE,main,DEVICESTABLE2017,DEVICESTABLE2017,OS_RIM,6,NUM,Column,TRUE,2000000000,REAL,62,,,,,,
CRM_SQLITE,main,DEVICESTABLE2017,DEVICESTABLE2017,OS_SYMBIAN,6,NUM,Column,TRUE,2000000000,REAL,63,,,,,,
CRM_SQLITE,main,DEVICESTABLE2017,DEVICESTABLE2017,OS_VERSION,12,TEXT,Column,TRUE,2000000000,STRING,58,,,,,,
CRM_SQLITE,main,DEVICESTABLE2017,DEVICESTABLE2017,OS_WEB_OS,6,NUM,Column,TRUE,2000000000,REAL,67,,,,,,
CRM_SQLITE,main,DEVICESTABLE2017,DEVICESTABLE2017,OS_WINDOWS_MOBILE,6,NUM,Column,TRUE,2000000000,REAL,64,,true,TELEPHONE_NUMBER,,,
CRM_SQLITE,main,DEVICESTABLE2017,DEVICESTABLE2017,OS_WINDOWS_PHONE,6,NUM,Column,TRUE,2000000000,REAL,65,,true,TELEPHONE_NUMBER,,,
CRM_SQLITE,main,DEVICESTABLE2017,DEVICESTABLE2017,OS_WINDOWS_RT,6,NUM,Column,TRUE,2000000000,REAL,66,,,,,,
CRM_SQLITE,main,DEVICESTABLE2017,DEVICESTABLE2017,RADIOINTERFACE,12,TEXT,Column,TRUE,2000000000,STRING,5,,,,,,
CRM_SQLITE,main,DEVICESTABLE2017,DEVICESTABLE2017,REMOVABLEEUICC,12,TEXT,Column,TRUE,2000000000,STRING,14,,,,,,
CRM_SQLITE,main,DEVICESTABLE2017,DEVICESTABLE2017,REMOVABLEUICC,12,TEXT,Column,TRUE,2000000000,STRING,13,,,,,,
CRM_SQLITE,main,DEVICESTABLE2017,DEVICESTABLE2017,SCREENCOLORDEPTH,6,NUM,Column,TRUE,2000000000,REAL,35,,,,,,
CRM_SQLITE,main,DEVICESTABLE2017,DEVICESTABLE2017,SCREENHEIGHT,6,NUM,Column,TRUE,2000000000,REAL,31,,,,,,
CRM_SQLITE,main,DEVICESTABLE2017,DEVICESTABLE2017,SCREENWIDTH,6,NUM,Column,TRUE,2000000000,REAL,30,,,,,,
CRM_SQLITE,main,DEVICESTABLE2017,DEVICESTABLE2017,SIM_SIZE,12,TEXT,Column,TRUE,2000000000,STRING,53,,,,,,
CRM_SQLITE,main,DEVICESTABLE2017,DEVICESTABLE2017,SIM_SLOTS,6,NUM,Column,TRUE,2000000000,REAL,52,,,,,,
CRM_SQLITE,main,DEVICESTABLE2017,DEVICESTABLE2017,STANDARDISEDFULL,12,TEXT,Column,TRUE,2000000000,STRING,18,,,,,,
CRM_SQLITE,main,DEVICESTABLE2017,DEVICESTABLE2017,STANDARDISEDMARKETING,12,TEXT,Column,TRUE,2000000000,STRING,20,,,,,,
CRM_SQLITE,main,DEVICESTABLE2017,DEVICESTABLE2017,STANDARDISED_DEVICE_MODEL,12,TEXT,Column,TRUE,2000000000,STRING,19,,,,,,
CRM_SQLITE,main,DEVICESTABLE2017,DEVICESTABLE2017,SUPPORTS_CLIENT_SIDE,6,NUM,Column,TRUE,2000000000,REAL,98,,,,,,
CRM_SQLITE,main,DEVICESTABLE2017,DEVICESTABLE2017,TAC,6,NUM,Column,TRUE,2000000000,REAL,1,,,,,,
CRM_SQLITE,main,DEVICESTABLE2017,DEVICESTABLE2017,TOTAL_RAM,12,TEXT,Column,TRUE,2000000000,STRING,56,,,,,,
CRM_SQLITE,main,DEVICESTABLE2017,DEVICESTABLE2017,TOUCHSCREEN,6,NUM,Column,TRUE,2000000000,REAL,29,,,,,,
CRM_SQLITE,main,DEVICESTABLE2017,DEVICESTABLE2017,UMTS,6,NUM,Column,TRUE,2000000000,REAL,104,,,,,,
CRM_SQLITE,main,DEVICESTABLE2017,DEVICESTABLE2017,URI_SCHEME_SMS,6,NUM,Column,TRUE,2000000000,REAL,82,,,,,,
CRM_SQLITE,main,DEVICESTABLE2017,DEVICESTABLE2017,URI_SCHEME_SMS_TO,6,NUM,Column,TRUE,2000000000,REAL,83,,,,,,
CRM_SQLITE,main,DEVICESTABLE2017,DEVICESTABLE2017,URI_SCHEME_TEL,6,NUM,Column,TRUE,2000000000,REAL,81,,,,,,
CRM_SQLITE,main,DEVICESTABLE2017,DEVICESTABLE2017,VCARD_DOWNLOAD,6,NUM,Column,TRUE,2000000000,REAL,76,,,,,,
CRM_SQLITE,main,DEVICESTABLE2017,DEVICESTABLE2017,VOLTE,6,NUM,Column,TRUE,2000000000,REAL,109,,,,,,
CRM_SQLITE,main,DEVICESTABLE2017,DEVICESTABLE2017,VOWIFI,6,NUM,Column,TRUE,2000000000,REAL,111,,,,,,
CRM_SQLITE,main,DEVICESTABLE2017,DEVICESTABLE2017,WIFI,6,NUM,Column,TRUE,2000000000,REAL,110,,,,,,
CRM_SQLITE,main,DEVICESTABLE2017,DEVICESTABLE2017,WMV,6,NUM,Column,TRUE,2000000000,REAL,134,,,,,,
CRM_SQLITE,main,DEVICESTABLE2017,DEVICESTABLE2017,YEAR_RELEASED,12,TEXT,Column,TRUE,2000000000,STRING,26,,,,,,
CRM_SQLITE,main,INVOICE,INVOICE,BALANCE,6,NUM,Column,TRUE,2000000000,REAL,6,,,,,,
CRM_SQLITE,main,INVOICE,INVOICE,DUE_DATE,6,NUM,Column,TRUE,2000000000,REAL,4,,,,,,
CRM_SQLITE,main,INVOICE,INVOICE,INVOICE_ID,6,NUM,Column,TRUE,2000000000,REAL,2,,,,,,
CRM_SQLITE,main,INVOICE,INVOICE,INVOICE_IMAGE,12,,Column,TRUE,2000000000,STRING,7,,true,STATEMENT,,,
CRM_SQLITE,main,INVOICE,INVOICE,ISSUED_DATE,6,NUM,Column,TRUE,2000000000,REAL,3,,,,,,
CRM_SQLITE,main,INVOICE,INVOICE,STATUS,12,TEXT,Column,TRUE,2000000000,STRING,5,,,,,,
CRM_SQLITE,main,INVOICE,INVOICE,SUBSCRIBER_ID,6,NUM,Column,TRUE,2000000000,REAL,1,,,,,,
CRM_SQLITE,main,OFFER,OFFER,FROM_DATE,6,NUM,Column,TRUE,2000000000,REAL,5,,,,,,
CRM_SQLITE,main,OFFER,OFFER,OFFER_DESCRIPTION,12,TEXT,Column,TRUE,2000000000,STRING,4,,,,,,
CRM_SQLITE,main,OFFER,OFFER,OFFER_ID,6,NUM,Column,TRUE,2000000000,REAL,2,,,,,,
CRM_SQLITE,main,OFFER,OFFER,OFFER_REF_ID,6,NUM,Column,TRUE,2000000000,REAL,3,,,,,,
CRM_SQLITE,main,OFFER,OFFER,SUBSCRIBER_ID,6,NUM,Column,TRUE,2000000000,REAL,1,,,,,,
CRM_SQLITE,main,OFFER,OFFER,TO_DATE,6,NUM,Column,TRUE,2000000000,REAL,6,,,,,,
CRM_SQLITE,main,PAYMENT,PAYMENT,AMOUNT,12,TEXT,Column,TRUE,2000000000,STRING,5,,,,,,
CRM_SQLITE,main,PAYMENT,PAYMENT,INVOICE_ID,6,NUM,Column,TRUE,2000000000,REAL,1,,,,,,
CRM_SQLITE,main,PAYMENT,PAYMENT,ISSUED_DATE,6,NUM,Column,TRUE,2000000000,REAL,3,,,,,,
CRM_SQLITE,main,PAYMENT,PAYMENT,PAYMENT_ID,6,NUM,Column,TRUE,2000000000,REAL,2,,,,,,
CRM_SQLITE,main,PAYMENT,PAYMENT,STATUS,12,TEXT,Column,TRUE,2000000000,STRING,4,,,,,,
CRM_SQLITE,main,SUBSCRIBER,SUBSCRIBER,FIRST_NAME,12,TEXT,Column,TRUE,2000000000,STRING,5,,true,FIRST_NAME,,,
CRM_SQLITE,main,SUBSCRIBER,SUBSCRIBER,IMSI,12,TEXT,Column,TRUE,2000000000,STRING,3,,true,DEVICE_ID,,,
CRM_SQLITE,main,SUBSCRIBER,SUBSCRIBER,LAST_NAME,12,TEXT,Column,TRUE,2000000000,STRING,6,,true,LAST_NAME,,,
CRM_SQLITE,main,SUBSCRIBER,SUBSCRIBER,MSISDN,12,TEXT,Column,TRUE,2000000000,STRING,2,,true,TELEPHONE_NUMBER,,,
CRM_SQLITE,main,SUBSCRIBER,SUBSCRIBER,SIM,12,TEXT,Column,TRUE,2000000000,STRING,4,,true,CREDIT_CARD,,,
CRM_SQLITE,main,SUBSCRIBER,SUBSCRIBER,SUBSCRIBER_ID,6,NUM,Column,TRUE,2000000000,REAL,1,,,,,,
CRM_SQLITE,main,SUBSCRIBER,SUBSCRIBER,SUBSCRIBER_TYPE,12,TEXT,Column,TRUE,2000000000,STRING,7,,,,,,
CRM_SQLITE,main,SUBSCRIBER,SUBSCRIBER,VIP_STATUS,12,TEXT,Column,TRUE,2000000000,STRING,8,,,,,,
CRM_SQLITE,main,keysTable,keysTable,group_id,12,TEXT,Column,TRUE,2000000000,STRING,1,,,,,,
CRM_SQLITE,main,keysTable,keysTable,org_key,12,TEXT,Column,TRUE,2000000000,STRING,2,true,,,,,
CRM_SQLITE,main,tableKeys,tableKeys,group_id,12,TEXT,Column,TRUE,2000000000,STRING,1,true,,,,,
CRM_SQLITE,main,tableKeys,tableKeys,org_key,12,TEXT,Column,TRUE,2000000000,STRING,2,true,,,,,
Db2T2T,DB2INST1,CUSTOMERS,CUSTOMERS,ADDRESS_LINE1,12,VARCHAR,Column,TRUE,200,STRING,11,,true,ADDRESS,,,
Db2T2T,DB2INST1,CUSTOMERS,CUSTOMERS,ADDRESS_LINE2,12,VARCHAR,Column,TRUE,200,STRING,12,,true,ADDRESS,,,
Db2T2T,DB2INST1,CUSTOMERS,CUSTOMERS,ALT_EMAIL,12,VARCHAR,Column,TRUE,254,STRING,6,,,,,,
Db2T2T,DB2INST1,CUSTOMERS,CUSTOMERS,ALT_PHONE,12,VARCHAR,Column,TRUE,32,STRING,8,,true,TELEPHONE_NUMBER,,,
Db2T2T,DB2INST1,CUSTOMERS,CUSTOMERS,BALANCE,3,DECIMAL,Column,TRUE,18,REAL,23,,,,,,
Db2T2T,DB2INST1,CUSTOMERS,CUSTOMERS,CHILDREN_COUNT,5,SMALLINT,Column,TRUE,5,INTEGER,40,,,,,,
Db2T2T,DB2INST1,CUSTOMERS,CUSTOMERS,CITY,12,VARCHAR,Column,TRUE,120,STRING,13,,true,CITY,,,
Db2T2T,DB2INST1,CUSTOMERS,CUSTOMERS,COMM_CHANNEL,12,VARCHAR,Column,TRUE,32,STRING,31,,,,,,
Db2T2T,DB2INST1,CUSTOMERS,CUSTOMERS,COUNTRY,1,CHAR,Column,TRUE,2,STRING,16,,true,COUNTRY,,,
Db2T2T,DB2INST1,CUSTOMERS,CUSTOMERS,CREATED_AT,93,TIMESTAMP,Column,TRUE,26,DATETIME,41,,,,,,
Db2T2T,DB2INST1,CUSTOMERS,CUSTOMERS,CREDIT_LIMIT,3,DECIMAL,Column,TRUE,18,REAL,24,,,,,,
Db2T2T,DB2INST1,CUSTOMERS,CUSTOMERS,CUSTOMER_ID,-5,BIGINT,Column,FALSE,19,INTEGER,1,true,,,,,
Db2T2T,DB2INST1,CUSTOMERS,CUSTOMERS,DATE_OF_BIRTH,91,DATE,Column,TRUE,10,DATE,10,,,,,,
Db2T2T,DB2INST1,CUSTOMERS,CUSTOMERS,DOUBLE_SCORE,8,DOUBLE,Column,TRUE,53,REAL,37,,,,,,
Db2T2T,DB2INST1,CUSTOMERS,CUSTOMERS,EMAIL,12,VARCHAR,Column,TRUE,254,STRING,5,,true,EMAIL,,,
Db2T2T,DB2INST1,CUSTOMERS,CUSTOMERS,FAVORITE_NUMBER,4,INTEGER,Column,TRUE,10,INTEGER,34,,,,,,
Db2T2T,DB2INST1,CUSTOMERS,CUSTOMERS,FIRST_NAME,12,VARCHAR,Column,TRUE,100,STRING,2,,true,FIRST_NAME,,,
Db2T2T,DB2INST1,CUSTOMERS,CUSTOMERS,FLOAT_SCORE,7,REAL,Column,TRUE,24,REAL,36,,,,,,
Db2T2T,DB2INST1,CUSTOMERS,CUSTOMERS,GENDER,12,VARCHAR,Column,TRUE,20,STRING,17,,true,GENDER,,,
Db2T2T,DB2INST1,CUSTOMERS,CUSTOMERS,HEIGHT_CM,3,DECIMAL,Column,TRUE,5,REAL,38,,,,,,
Db2T2T,DB2INST1,CUSTOMERS,CUSTOMERS,HOME_LAT,3,DECIMAL,Column,TRUE,10,REAL,32,,,,,,
Db2T2T,DB2INST1,CUSTOMERS,CUSTOMERS,HOME_LON,3,DECIMAL,Column,TRUE,10,REAL,33,,,,,,
Db2T2T,DB2INST1,CUSTOMERS,CUSTOMERS,IS_VIP,1,CHAR,Column,TRUE,1,STRING,27,,,,,,
Db2T2T,DB2INST1,CUSTOMERS,CUSTOMERS,LAST_LOGIN_TS,93,TIMESTAMP,Column,TRUE,26,DATETIME,22,,,,,,
Db2T2T,DB2INST1,CUSTOMERS,CUSTOMERS,LAST_NAME,12,VARCHAR,Column,TRUE,100,STRING,4,,true,LAST_NAME,,,
Db2T2T,DB2INST1,CUSTOMERS,CUSTOMERS,LOYALTY_POINTS,4,INTEGER,Column,TRUE,10,INTEGER,26,,,,,,
Db2T2T,DB2INST1,CUSTOMERS,CUSTOMERS,MARITAL_STATUS,12,VARCHAR,Column,TRUE,20,STRING,18,,,,,,
Db2T2T,DB2INST1,CUSTOMERS,CUSTOMERS,MARKETING_OPT_IN,1,CHAR,Column,TRUE,1,STRING,30,,,,,,
Db2T2T,DB2INST1,CUSTOMERS,CUSTOMERS,MIDDLE_NAME,12,VARCHAR,Column,TRUE,100,STRING,3,,true,MIDDLE_NAME,,,
Db2T2T,DB2INST1,CUSTOMERS,CUSTOMERS,NATIONAL_ID,12,VARCHAR,Column,TRUE,64,STRING,19,,true,NATIONAL_ID,,,
Db2T2T,DB2INST1,CUSTOMERS,CUSTOMERS,PASSPORT_NO,12,VARCHAR,Column,TRUE,32,STRING,20,,true,PASSPORT,,,
Db2T2T,DB2INST1,CUSTOMERS,CUSTOMERS,PHONE,12,VARCHAR,Column,TRUE,32,STRING,7,,true,TELEPHONE_NUMBER,,,
Db2T2T,DB2INST1,CUSTOMERS,CUSTOMERS,POSTAL_CODE,12,VARCHAR,Column,TRUE,20,STRING,15,,true,POSTAL_CODE,,,
Db2T2T,DB2INST1,CUSTOMERS,CUSTOMERS,PREFERRED_LANGUAGE,12,VARCHAR,Column,TRUE,16,STRING,28,,true,LANGUAGE,,,
Db2T2T,DB2INST1,CUSTOMERS,CUSTOMERS,RISK_SCORE,3,DECIMAL,Column,TRUE,5,REAL,25,,,,,,
Db2T2T,DB2INST1,CUSTOMERS,CUSTOMERS,ROW_VERSION,4,INTEGER,Column,TRUE,10,INTEGER,45,,,,,,
Db2T2T,DB2INST1,CUSTOMERS,CUSTOMERS,SIGNUP_DATE,91,DATE,Column,TRUE,10,DATE,21,,,,,,
Db2T2T,DB2INST1,CUSTOMERS,CUSTOMERS,SMALL_FLAG,5,SMALLINT,Column,TRUE,5,INTEGER,35,,,,,,
Db2T2T,DB2INST1,CUSTOMERS,CUSTOMERS,SSN,12,VARCHAR,Column,FALSE,32,STRING,9,,true,SOCIAL_SECURITY_NUMBER,,,
Db2T2T,DB2INST1,CUSTOMERS,CUSTOMERS,STATE_PROVINCE,12,VARCHAR,Column,TRUE,120,STRING,14,,true,STATE,,,
Db2T2T,DB2INST1,CUSTOMERS,CUSTOMERS,TIMEZONE,12,VARCHAR,Column,TRUE,64,STRING,29,,,,,,
Db2T2T,DB2INST1,CUSTOMERS,CUSTOMERS,UPDATED_AT,93,TIMESTAMP,Column,TRUE,26,DATETIME,42,,,,,,
Db2T2T,DB2INST1,CUSTOMERS,CUSTOMERS,VALID_FROM,93,TIMESTAMP,Column,TRUE,26,DATETIME,43,,,,,,
Db2T2T,DB2INST1,CUSTOMERS,CUSTOMERS,VALID_TO,93,TIMESTAMP,Column,TRUE,26,DATETIME,44,,,,,,
Db2T2T,DB2INST1,CUSTOMERS,CUSTOMERS,WEIGHT_KG,3,DECIMAL,Column,TRUE,5,REAL,39,,,,,,
Db2T2T,DB2INST1,CUSTOMERS_SRC,CUSTOMERS_SRC,ADDRESS_LINE1,12,VARCHAR,Column,TRUE,200,STRING,11,,true,ADDRESS,,,
Db2T2T,DB2INST1,CUSTOMERS_SRC,CUSTOMERS_SRC,ADDRESS_LINE2,12,VARCHAR,Column,TRUE,200,STRING,12,,true,ADDRESS,,,
Db2T2T,DB2INST1,CUSTOMERS_SRC,CUSTOMERS_SRC,ALT_EMAIL,12,VARCHAR,Column,TRUE,254,STRING,6,,,,,,
Db2T2T,DB2INST1,CUSTOMERS_SRC,CUSTOMERS_SRC,ALT_PHONE,12,VARCHAR,Column,TRUE,32,STRING,8,,true,TELEPHONE_NUMBER,,,
Db2T2T,DB2INST1,CUSTOMERS_SRC,CUSTOMERS_SRC,BALANCE,3,DECIMAL,Column,TRUE,18,REAL,23,,,,,,
Db2T2T,DB2INST1,CUSTOMERS_SRC,CUSTOMERS_SRC,CHILDREN_COUNT,5,SMALLINT,Column,TRUE,5,INTEGER,40,,,,,,
Db2T2T,DB2INST1,CUSTOMERS_SRC,CUSTOMERS_SRC,CITY,12,VARCHAR,Column,TRUE,120,STRING,13,,true,CITY,,,
Db2T2T,DB2INST1,CUSTOMERS_SRC,CUSTOMERS_SRC,COMM_CHANNEL,12,VARCHAR,Column,TRUE,32,STRING,31,,,,,,
Db2T2T,DB2INST1,CUSTOMERS_SRC,CUSTOMERS_SRC,COUNTRY,1,CHAR,Column,TRUE,2,STRING,16,,true,COUNTRY,,,
Db2T2T,DB2INST1,CUSTOMERS_SRC,CUSTOMERS_SRC,CREATED_AT,93,TIMESTAMP,Column,TRUE,26,DATETIME,41,,,,,,
Db2T2T,DB2INST1,CUSTOMERS_SRC,CUSTOMERS_SRC,CREDIT_LIMIT,3,DECIMAL,Column,TRUE,18,REAL,24,,,,,,
Db2T2T,DB2INST1,CUSTOMERS_SRC,CUSTOMERS_SRC,CUSTOMER_ID,-5,BIGINT,Column,FALSE,19,INTEGER,1,true,,,,,
Db2T2T,DB2INST1,CUSTOMERS_SRC,CUSTOMERS_SRC,DATE_OF_BIRTH,91,DATE,Column,TRUE,10,DATE,10,,,,,,
Db2T2T,DB2INST1,CUSTOMERS_SRC,CUSTOMERS_SRC,DOUBLE_SCORE,8,DOUBLE,Column,TRUE,53,REAL,37,,,,,,
Db2T2T,DB2INST1,CUSTOMERS_SRC,CUSTOMERS_SRC,EMAIL,12,VARCHAR,Column,TRUE,254,STRING,5,,true,EMAIL,,,
Db2T2T,DB2INST1,CUSTOMERS_SRC,CUSTOMERS_SRC,FAVORITE_NUMBER,4,INTEGER,Column,TRUE,10,INTEGER,34,,,,,,
Db2T2T,DB2INST1,CUSTOMERS_SRC,CUSTOMERS_SRC,FIRST_NAME,12,VARCHAR,Column,TRUE,100,STRING,2,,true,FIRST_NAME,,,
Db2T2T,DB2INST1,CUSTOMERS_SRC,CUSTOMERS_SRC,FLOAT_SCORE,7,REAL,Column,TRUE,24,REAL,36,,,,,,
Db2T2T,DB2INST1,CUSTOMERS_SRC,CUSTOMERS_SRC,GENDER,12,VARCHAR,Column,TRUE,20,STRING,17,,true,GENDER,,,
Db2T2T,DB2INST1,CUSTOMERS_SRC,CUSTOMERS_SRC,HEIGHT_CM,3,DECIMAL,Column,TRUE,5,REAL,38,,,,,,
Db2T2T,DB2INST1,CUSTOMERS_SRC,CUSTOMERS_SRC,HOME_LAT,3,DECIMAL,Column,TRUE,10,REAL,32,,,,,,
Db2T2T,DB2INST1,CUSTOMERS_SRC,CUSTOMERS_SRC,HOME_LON,3,DECIMAL,Column,TRUE,10,REAL,33,,,,,,
Db2T2T,DB2INST1,CUSTOMERS_SRC,CUSTOMERS_SRC,IS_VIP,1,CHAR,Column,TRUE,1,STRING,27,,,,,,
Db2T2T,DB2INST1,CUSTOMERS_SRC,CUSTOMERS_SRC,LAST_LOGIN_TS,93,TIMESTAMP,Column,TRUE,26,DATETIME,22,,,,,,
Db2T2T,DB2INST1,CUSTOMERS_SRC,CUSTOMERS_SRC,LAST_NAME,12,VARCHAR,Column,TRUE,100,STRING,4,,true,LAST_NAME,,,
Db2T2T,DB2INST1,CUSTOMERS_SRC,CUSTOMERS_SRC,LOYALTY_POINTS,4,INTEGER,Column,TRUE,10,INTEGER,26,,,,,,
Db2T2T,DB2INST1,CUSTOMERS_SRC,CUSTOMERS_SRC,MARITAL_STATUS,12,VARCHAR,Column,TRUE,20,STRING,18,,,,,,
Db2T2T,DB2INST1,CUSTOMERS_SRC,CUSTOMERS_SRC,MARKETING_OPT_IN,1,CHAR,Column,TRUE,1,STRING,30,,,,,,
Db2T2T,DB2INST1,CUSTOMERS_SRC,CUSTOMERS_SRC,MIDDLE_NAME,12,VARCHAR,Column,TRUE,100,STRING,3,,true,MIDDLE_NAME,,,
Db2T2T,DB2INST1,CUSTOMERS_SRC,CUSTOMERS_SRC,NATIONAL_ID,12,VARCHAR,Column,TRUE,64,STRING,19,,true,NATIONAL_ID,,,
Db2T2T,DB2INST1,CUSTOMERS_SRC,CUSTOMERS_SRC,PASSPORT_NO,12,VARCHAR,Column,TRUE,32,STRING,20,,true,PASSPORT,,,
Db2T2T,DB2INST1,CUSTOMERS_SRC,CUSTOMERS_SRC,PHONE,12,VARCHAR,Column,TRUE,32,STRING,7,,true,TELEPHONE_NUMBER,,,
Db2T2T,DB2INST1,CUSTOMERS_SRC,CUSTOMERS_SRC,POSTAL_CODE,12,VARCHAR,Column,TRUE,20,STRING,15,,true,POSTAL_CODE,,,
Db2T2T,DB2INST1,CUSTOMERS_SRC,CUSTOMERS_SRC,PREFERRED_LANGUAGE,12,VARCHAR,Column,TRUE,16,STRING,28,,true,LANGUAGE,,,
Db2T2T,DB2INST1,CUSTOMERS_SRC,CUSTOMERS_SRC,RISK_SCORE,3,DECIMAL,Column,TRUE,5,REAL,25,,,,,,
Db2T2T,DB2INST1,CUSTOMERS_SRC,CUSTOMERS_SRC,ROW_VERSION,4,INTEGER,Column,TRUE,10,INTEGER,45,,,,,,
Db2T2T,DB2INST1,CUSTOMERS_SRC,CUSTOMERS_SRC,SIGNUP_DATE,91,DATE,Column,TRUE,10,DATE,21,,,,,,
Db2T2T,DB2INST1,CUSTOMERS_SRC,CUSTOMERS_SRC,SMALL_FLAG,5,SMALLINT,Column,TRUE,5,INTEGER,35,,,,,,
Db2T2T,DB2INST1,CUSTOMERS_SRC,CUSTOMERS_SRC,SSN,12,VARCHAR,Column,FALSE,32,STRING,9,,true,SOCIAL_SECURITY_NUMBER,,,
Db2T2T,DB2INST1,CUSTOMERS_SRC,CUSTOMERS_SRC,STATE_PROVINCE,12,VARCHAR,Column,TRUE,120,STRING,14,,true,STATE,,,
Db2T2T,DB2INST1,CUSTOMERS_SRC,CUSTOMERS_SRC,TIMEZONE,12,VARCHAR,Column,TRUE,64,STRING,29,,,,,,
Db2T2T,DB2INST1,CUSTOMERS_SRC,CUSTOMERS_SRC,UPDATED_AT,93,TIMESTAMP,Column,TRUE,26,DATETIME,42,,,,,,
Db2T2T,DB2INST1,CUSTOMERS_SRC,CUSTOMERS_SRC,VALID_FROM,93,TIMESTAMP,Column,TRUE,26,DATETIME,43,,,,,,
Db2T2T,DB2INST1,CUSTOMERS_SRC,CUSTOMERS_SRC,VALID_TO,93,TIMESTAMP,Column,TRUE,26,DATETIME,44,,,,,,
Db2T2T,DB2INST1,CUSTOMERS_SRC,CUSTOMERS_SRC,WEIGHT_KG,3,DECIMAL,Column,TRUE,5,REAL,39,,,,,,
Db2T2T,DB2INST1,CUSTOMERS_SRC_TC13,CUSTOMERS_SRC_TC13,ADDRESS_LINE1,12,VARCHAR,Column,TRUE,200,STRING,11,,true,ADDRESS,,,
Db2T2T,DB2INST1,CUSTOMERS_SRC_TC13,CUSTOMERS_SRC_TC13,ADDRESS_LINE2,12,VARCHAR,Column,TRUE,200,STRING,12,,true,ADDRESS,,,
Db2T2T,DB2INST1,CUSTOMERS_SRC_TC13,CUSTOMERS_SRC_TC13,ALT_EMAIL,12,VARCHAR,Column,TRUE,254,STRING,6,,,,,,
Db2T2T,DB2INST1,CUSTOMERS_SRC_TC13,CUSTOMERS_SRC_TC13,ALT_PHONE,12,VARCHAR,Column,TRUE,32,STRING,8,,true,TELEPHONE_NUMBER,,,
Db2T2T,DB2INST1,CUSTOMERS_SRC_TC13,CUSTOMERS_SRC_TC13,BALANCE,3,DECIMAL,Column,TRUE,18,REAL,23,,,,,,
Db2T2T,DB2INST1,CUSTOMERS_SRC_TC13,CUSTOMERS_SRC_TC13,CHILDREN_COUNT,5,SMALLINT,Column,TRUE,5,INTEGER,40,,,,,,
Db2T2T,DB2INST1,CUSTOMERS_SRC_TC13,CUSTOMERS_SRC_TC13,CITY,12,VARCHAR,Column,TRUE,120,STRING,13,,true,CITY,,,
Db2T2T,DB2INST1,CUSTOMERS_SRC_TC13,CUSTOMERS_SRC_TC13,COMM_CHANNEL,12,VARCHAR,Column,TRUE,32,STRING,31,,,,,,
Db2T2T,DB2INST1,CUSTOMERS_SRC_TC13,CUSTOMERS_SRC_TC13,COUNTRY,1,CHAR,Column,TRUE,2,STRING,16,,true,COUNTRY,,,
Db2T2T,DB2INST1,CUSTOMERS_SRC_TC13,CUSTOMERS_SRC_TC13,CREATED_AT,93,TIMESTAMP,Column,TRUE,26,DATETIME,41,,,,,,
Db2T2T,DB2INST1,CUSTOMERS_SRC_TC13,CUSTOMERS_SRC_TC13,CREDIT_LIMIT,3,DECIMAL,Column,TRUE,18,REAL,24,,,,,,
Db2T2T,DB2INST1,CUSTOMERS_SRC_TC13,CUSTOMERS_SRC_TC13,CUSTOMER_ID,-5,BIGINT,Column,FALSE,19,INTEGER,1,true,,,,,
Db2T2T,DB2INST1,CUSTOMERS_SRC_TC13,CUSTOMERS_SRC_TC13,DATE_OF_BIRTH,91,DATE,Column,TRUE,10,DATE,10,,,,,,
Db2T2T,DB2INST1,CUSTOMERS_SRC_TC13,CUSTOMERS_SRC_TC13,DOUBLE_SCORE,8,DOUBLE,Column,TRUE,53,REAL,37,,,,,,
Db2T2T,DB2INST1,CUSTOMERS_SRC_TC13,CUSTOMERS_SRC_TC13,EMAIL,12,VARCHAR,Column,TRUE,254,STRING,5,,true,EMAIL,,,
Db2T2T,DB2INST1,CUSTOMERS_SRC_TC13,CUSTOMERS_SRC_TC13,FAVORITE_NUMBER,4,INTEGER,Column,TRUE,10,INTEGER,34,,,,,,
Db2T2T,DB2INST1,CUSTOMERS_SRC_TC13,CUSTOMERS_SRC_TC13,FIRST_NAME,12,VARCHAR,Column,TRUE,100,STRING,2,,true,FIRST_NAME,,,
Db2T2T,DB2INST1,CUSTOMERS_SRC_TC13,CUSTOMERS_SRC_TC13,FLOAT_SCORE,7,REAL,Column,TRUE,24,REAL,36,,,,,,
Db2T2T,DB2INST1,CUSTOMERS_SRC_TC13,CUSTOMERS_SRC_TC13,GENDER,12,VARCHAR,Column,TRUE,20,STRING,17,,true,GENDER,,,
Db2T2T,DB2INST1,CUSTOMERS_SRC_TC13,CUSTOMERS_SRC_TC13,HEIGHT_CM,3,DECIMAL,Column,TRUE,5,REAL,38,,,,,,
Db2T2T,DB2INST1,CUSTOMERS_SRC_TC13,CUSTOMERS_SRC_TC13,HOME_LAT,3,DECIMAL,Column,TRUE,10,REAL,32,,,,,,
Db2T2T,DB2INST1,CUSTOMERS_SRC_TC13,CUSTOMERS_SRC_TC13,HOME_LON,3,DECIMAL,Column,TRUE,10,REAL,33,,,,,,
Db2T2T,DB2INST1,CUSTOMERS_SRC_TC13,CUSTOMERS_SRC_TC13,IS_VIP,1,CHAR,Column,TRUE,1,STRING,27,,,,,,
Db2T2T,DB2INST1,CUSTOMERS_SRC_TC13,CUSTOMERS_SRC_TC13,LAST_LOGIN_TS,93,TIMESTAMP,Column,TRUE,26,DATETIME,22,,,,,,
Db2T2T,DB2INST1,CUSTOMERS_SRC_TC13,CUSTOMERS_SRC_TC13,LAST_NAME,12,VARCHAR,Column,TRUE,100,STRING,4,,true,LAST_NAME,,,
Db2T2T,DB2INST1,CUSTOMERS_SRC_TC13,CUSTOMERS_SRC_TC13,LOYALTY_POINTS,4,INTEGER,Column,TRUE,10,INTEGER,26,,,,,,
Db2T2T,DB2INST1,CUSTOMERS_SRC_TC13,CUSTOMERS_SRC_TC13,MARITAL_STATUS,12,VARCHAR,Column,TRUE,20,STRING,18,,,,,,
Db2T2T,DB2INST1,CUSTOMERS_SRC_TC13,CUSTOMERS_SRC_TC13,MARKETING_OPT_IN,1,CHAR,Column,TRUE,1,STRING,30,,,,,,
Db2T2T,DB2INST1,CUSTOMERS_SRC_TC13,CUSTOMERS_SRC_TC13,MIDDLE_NAME,12,VARCHAR,Column,TRUE,100,STRING,3,,true,MIDDLE_NAME,,,
Db2T2T,DB2INST1,CUSTOMERS_SRC_TC13,CUSTOMERS_SRC_TC13,NATIONAL_ID,12,VARCHAR,Column,TRUE,64,STRING,19,,true,NATIONAL_ID,,,
Db2T2T,DB2INST1,CUSTOMERS_SRC_TC13,CUSTOMERS_SRC_TC13,PASSPORT_NO,12,VARCHAR,Column,TRUE,32,STRING,20,,true,PASSPORT,,,
Db2T2T,DB2INST1,CUSTOMERS_SRC_TC13,CUSTOMERS_SRC_TC13,PHONE,12,VARCHAR,Column,TRUE,32,STRING,7,,true,TELEPHONE_NUMBER,,,
Db2T2T,DB2INST1,CUSTOMERS_SRC_TC13,CUSTOMERS_SRC_TC13,POSTAL_CODE,12,VARCHAR,Column,TRUE,20,STRING,15,,true,POSTAL_CODE,,,
Db2T2T,DB2INST1,CUSTOMERS_SRC_TC13,CUSTOMERS_SRC_TC13,PREFERRED_LANGUAGE,12,VARCHAR,Column,TRUE,16,STRING,28,,true,LANGUAGE,,,
Db2T2T,DB2INST1,CUSTOMERS_SRC_TC13,CUSTOMERS_SRC_TC13,RISK_SCORE,3,DECIMAL,Column,TRUE,5,REAL,25,,,,,,
Db2T2T,DB2INST1,CUSTOMERS_SRC_TC13,CUSTOMERS_SRC_TC13,ROW_VERSION,4,INTEGER,Column,TRUE,10,INTEGER,45,,,,,,
Db2T2T,DB2INST1,CUSTOMERS_SRC_TC13,CUSTOMERS_SRC_TC13,SIGNUP_DATE,91,DATE,Column,TRUE,10,DATE,21,,,,,,
Db2T2T,DB2INST1,CUSTOMERS_SRC_TC13,CUSTOMERS_SRC_TC13,SMALL_FLAG,5,SMALLINT,Column,TRUE,5,INTEGER,35,,,,,,
Db2T2T,DB2INST1,CUSTOMERS_SRC_TC13,CUSTOMERS_SRC_TC13,SSN,12,VARCHAR,Column,FALSE,32,STRING,9,,true,SOCIAL_SECURITY_NUMBER,,,
Db2T2T,DB2INST1,CUSTOMERS_SRC_TC13,CUSTOMERS_SRC_TC13,STATE_PROVINCE,12,VARCHAR,Column,TRUE,120,STRING,14,,true,STATE,,,
Db2T2T,DB2INST1,CUSTOMERS_SRC_TC13,CUSTOMERS_SRC_TC13,TIMEZONE,12,VARCHAR,Column,TRUE,64,STRING,29,,,,,,
Db2T2T,DB2INST1,CUSTOMERS_SRC_TC13,CUSTOMERS_SRC_TC13,UPDATED_AT,93,TIMESTAMP,Column,TRUE,26,DATETIME,42,,,,,,
Db2T2T,DB2INST1,CUSTOMERS_SRC_TC13,CUSTOMERS_SRC_TC13,VALID_FROM,93,TIMESTAMP,Column,TRUE,26,DATETIME,43,,,,,,
Db2T2T,DB2INST1,CUSTOMERS_SRC_TC13,CUSTOMERS_SRC_TC13,VALID_TO,93,TIMESTAMP,Column,TRUE,26,DATETIME,44,,,,,,
Db2T2T,DB2INST1,CUSTOMERS_SRC_TC13,CUSTOMERS_SRC_TC13,WEIGHT_KG,3,DECIMAL,Column,TRUE,5,REAL,39,,,,,,
Db2T2T,DB2INST1,CUSTOMERS_TRG,CUSTOMERS_TRG,ADDRESS_LINE1,12,VARCHAR,Column,TRUE,200,STRING,11,,true,ADDRESS,,,
Db2T2T,DB2INST1,CUSTOMERS_TRG,CUSTOMERS_TRG,ADDRESS_LINE2,12,VARCHAR,Column,TRUE,200,STRING,12,,true,ADDRESS,,,
Db2T2T,DB2INST1,CUSTOMERS_TRG,CUSTOMERS_TRG,ALT_EMAIL,12,VARCHAR,Column,TRUE,254,STRING,6,,true,EMAIL,,,
Db2T2T,DB2INST1,CUSTOMERS_TRG,CUSTOMERS_TRG,ALT_PHONE,12,VARCHAR,Column,TRUE,32,STRING,8,,true,TELEPHONE_NUMBER,,,
Db2T2T,DB2INST1,CUSTOMERS_TRG,CUSTOMERS_TRG,BALANCE,3,DECIMAL,Column,TRUE,18,REAL,23,,,,,,
Db2T2T,DB2INST1,CUSTOMERS_TRG,CUSTOMERS_TRG,CHILDREN_COUNT,5,SMALLINT,Column,TRUE,5,INTEGER,40,,,,,,
Db2T2T,DB2INST1,CUSTOMERS_TRG,CUSTOMERS_TRG,CITY,12,VARCHAR,Column,TRUE,120,STRING,13,,true,CITY,,,
Db2T2T,DB2INST1,CUSTOMERS_TRG,CUSTOMERS_TRG,COMM_CHANNEL,12,VARCHAR,Column,TRUE,32,STRING,31,,,,,,
Db2T2T,DB2INST1,CUSTOMERS_TRG,CUSTOMERS_TRG,COUNTRY,1,CHAR,Column,TRUE,2,STRING,16,,true,COUNTRY,,,
Db2T2T,DB2INST1,CUSTOMERS_TRG,CUSTOMERS_TRG,CREATED_AT,93,TIMESTAMP,Column,TRUE,26,DATETIME,41,,,,,,
Db2T2T,DB2INST1,CUSTOMERS_TRG,CUSTOMERS_TRG,CREDIT_LIMIT,3,DECIMAL,Column,TRUE,18,REAL,24,,,,,,
Db2T2T,DB2INST1,CUSTOMERS_TRG,CUSTOMERS_TRG,CUSTOMER_ID,-5,BIGINT,Column,FALSE,19,INTEGER,1,true,,,,,
Db2T2T,DB2INST1,CUSTOMERS_TRG,CUSTOMERS_TRG,DATE_OF_BIRTH,91,DATE,Column,TRUE,10,DATE,10,,,,,,
Db2T2T,DB2INST1,CUSTOMERS_TRG,CUSTOMERS_TRG,DOUBLE_SCORE,8,DOUBLE,Column,TRUE,53,REAL,37,,,,,,
Db2T2T,DB2INST1,CUSTOMERS_TRG,CUSTOMERS_TRG,EMAIL,12,VARCHAR,Column,TRUE,254,STRING,5,,true,EMAIL,,,
Db2T2T,DB2INST1,CUSTOMERS_TRG,CUSTOMERS_TRG,FAVORITE_NUMBER,4,INTEGER,Column,TRUE,10,INTEGER,34,,,,,,
Db2T2T,DB2INST1,CUSTOMERS_TRG,CUSTOMERS_TRG,FIRST_NAME,12,VARCHAR,Column,TRUE,100,STRING,2,,true,FIRST_NAME,,,
Db2T2T,DB2INST1,CUSTOMERS_TRG,CUSTOMERS_TRG,FLOAT_SCORE,7,REAL,Column,TRUE,24,REAL,36,,,,,,
Db2T2T,DB2INST1,CUSTOMERS_TRG,CUSTOMERS_TRG,GENDER,12,VARCHAR,Column,TRUE,20,STRING,17,,true,GENDER,,,
Db2T2T,DB2INST1,CUSTOMERS_TRG,CUSTOMERS_TRG,HEIGHT_CM,3,DECIMAL,Column,TRUE,5,REAL,38,,,,,,
Db2T2T,DB2INST1,CUSTOMERS_TRG,CUSTOMERS_TRG,HOME_LAT,3,DECIMAL,Column,TRUE,10,REAL,32,,,,,,
Db2T2T,DB2INST1,CUSTOMERS_TRG,CUSTOMERS_TRG,HOME_LON,3,DECIMAL,Column,TRUE,10,REAL,33,,,,,,
Db2T2T,DB2INST1,CUSTOMERS_TRG,CUSTOMERS_TRG,IS_VIP,1,CHAR,Column,TRUE,1,STRING,27,,,,,,
Db2T2T,DB2INST1,CUSTOMERS_TRG,CUSTOMERS_TRG,LAST_LOGIN_TS,93,TIMESTAMP,Column,TRUE,26,DATETIME,22,,,,,,
Db2T2T,DB2INST1,CUSTOMERS_TRG,CUSTOMERS_TRG,LAST_NAME,12,VARCHAR,Column,TRUE,100,STRING,4,,true,LAST_NAME,,,
Db2T2T,DB2INST1,CUSTOMERS_TRG,CUSTOMERS_TRG,LOYALTY_POINTS,4,INTEGER,Column,TRUE,10,INTEGER,26,,,,,,
Db2T2T,DB2INST1,CUSTOMERS_TRG,CUSTOMERS_TRG,MARITAL_STATUS,12,VARCHAR,Column,TRUE,20,STRING,18,,,,,,
Db2T2T,DB2INST1,CUSTOMERS_TRG,CUSTOMERS_TRG,MARKETING_OPT_IN,1,CHAR,Column,TRUE,1,STRING,30,,,,,,
Db2T2T,DB2INST1,CUSTOMERS_TRG,CUSTOMERS_TRG,MIDDLE_NAME,12,VARCHAR,Column,TRUE,100,STRING,3,,true,MIDDLE_NAME,,,
Db2T2T,DB2INST1,CUSTOMERS_TRG,CUSTOMERS_TRG,NATIONAL_ID,12,VARCHAR,Column,TRUE,64,STRING,19,,true,NATIONAL_ID,,,
Db2T2T,DB2INST1,CUSTOMERS_TRG,CUSTOMERS_TRG,PASSPORT_NO,12,VARCHAR,Column,TRUE,32,STRING,20,,true,PASSPORT,,,
Db2T2T,DB2INST1,CUSTOMERS_TRG,CUSTOMERS_TRG,PHONE,12,VARCHAR,Column,TRUE,32,STRING,7,,true,TELEPHONE_NUMBER,,,
Db2T2T,DB2INST1,CUSTOMERS_TRG,CUSTOMERS_TRG,POSTAL_CODE,12,VARCHAR,Column,TRUE,20,STRING,15,,true,POSTAL_CODE,,,
Db2T2T,DB2INST1,CUSTOMERS_TRG,CUSTOMERS_TRG,PREFERRED_LANGUAGE,12,VARCHAR,Column,TRUE,16,STRING,28,,true,LANGUAGE,,,
Db2T2T,DB2INST1,CUSTOMERS_TRG,CUSTOMERS_TRG,RISK_SCORE,3,DECIMAL,Column,TRUE,5,REAL,25,,,,,,
Db2T2T,DB2INST1,CUSTOMERS_TRG,CUSTOMERS_TRG,ROW_VERSION,4,INTEGER,Column,TRUE,10,INTEGER,45,,,,,,
Db2T2T,DB2INST1,CUSTOMERS_TRG,CUSTOMERS_TRG,SIGNUP_DATE,91,DATE,Column,TRUE,10,DATE,21,,,,,,
Db2T2T,DB2INST1,CUSTOMERS_TRG,CUSTOMERS_TRG,SMALL_FLAG,5,SMALLINT,Column,TRUE,5,INTEGER,35,,,,,,
Db2T2T,DB2INST1,CUSTOMERS_TRG,CUSTOMERS_TRG,SSN,12,VARCHAR,Column,FALSE,32,STRING,9,,true,SOCIAL_SECURITY_NUMBER,,,
Db2T2T,DB2INST1,CUSTOMERS_TRG,CUSTOMERS_TRG,STATE_PROVINCE,12,VARCHAR,Column,TRUE,120,STRING,14,,true,STATE,,,
Db2T2T,DB2INST1,CUSTOMERS_TRG,CUSTOMERS_TRG,TIMEZONE,12,VARCHAR,Column,TRUE,64,STRING,29,,,,,,
Db2T2T,DB2INST1,CUSTOMERS_TRG,CUSTOMERS_TRG,UPDATED_AT,93,TIMESTAMP,Column,TRUE,26,DATETIME,42,,,,,,
Db2T2T,DB2INST1,CUSTOMERS_TRG,CUSTOMERS_TRG,VALID_FROM,93,TIMESTAMP,Column,TRUE,26,DATETIME,43,,,,,,
Db2T2T,DB2INST1,CUSTOMERS_TRG,CUSTOMERS_TRG,VALID_TO,93,TIMESTAMP,Column,TRUE,26,DATETIME,44,,,,,,
Db2T2T,DB2INST1,CUSTOMERS_TRG,CUSTOMERS_TRG,WEIGHT_KG,3,DECIMAL,Column,TRUE,5,REAL,39,,,,,,
Db2T2T,DB2INST1,CUSTOMER_SRC,CUSTOMER_SRC,CUSTOMER_ID,12,VARCHAR,Column,FALSE,100,STRING,1,true,,,,,
Db2T2T,DB2INST1,CUSTOMER_SRC,CUSTOMER_SRC,FIRST_NAME,12,VARCHAR,Column,TRUE,100,STRING,3,,true,FIRST_NAME,,,
Db2T2T,DB2INST1,CUSTOMER_SRC,CUSTOMER_SRC,LAST_NAME,12,VARCHAR,Column,TRUE,100,STRING,4,,true,LAST_NAME,,,
Db2T2T,DB2INST1,CUSTOMER_SRC,CUSTOMER_SRC,SSN,12,VARCHAR,Column,FALSE,100,STRING,2,true,true,SOCIAL_SECURITY_NUMBER,,,
Db2T2T,DB2INST1,CUST_SRC,CUST_SRC,CUSTOMER_ID,4,INTEGER,Column,FALSE,10,INTEGER,1,true,,,,,
Db2T2T,DB2INST1,CUST_SRC,CUST_SRC,CUST_NAME,1,CHAR,Column,TRUE,30,STRING,3,,true,NAME,,,
Db2T2T,DB2INST1,CUST_SRC,CUST_SRC,EMAIL,12,VARCHAR,Column,TRUE,100,STRING,5,,true,EMAIL,,,
Db2T2T,DB2INST1,CUST_SRC,CUST_SRC,NOTES,12,VARCHAR,Column,TRUE,200,STRING,2,,true,NOTES,,,
Db2T2T,DB2INST1,CUST_SRC,CUST_SRC,PHONE_NUM,-5,BIGINT,Column,TRUE,19,INTEGER,4,,true,TELEPHONE_NUMBER,,,
Db2T2T,DB2INST1,CUST_TRG,CUST_TRG,CUSTOMER_ID,4,INTEGER,Column,FALSE,10,INTEGER,1,,,,,,
Db2T2T,DB2INST1,CUST_TRG,CUST_TRG,CUST_NAME,1,CHAR,Column,TRUE,30,STRING,3,,true,NAME,,,
Db2T2T,DB2INST1,CUST_TRG,CUST_TRG,NOTES,12,VARCHAR,Column,TRUE,200,STRING,2,,true,NOTES,,,
Db2T2T,DB2INST1,CUST_TRG,CUST_TRG,PHONE_NUM,-5,BIGINT,Column,TRUE,19,INTEGER,4,,true,TELEPHONE_NUMBER,,,
Db2T2T,DB2INST1,DUMMY_CUSTOMERS,DUMMY_CUSTOMERS,CREATED_AT,93,TIMESTAMP,Column,TRUE,26,DATETIME,4,,,,,,
Db2T2T,DB2INST1,DUMMY_CUSTOMERS,DUMMY_CUSTOMERS,EMAIL,12,VARCHAR,Column,TRUE,100,STRING,3,,true,EMAIL,,,
Db2T2T,DB2INST1,DUMMY_CUSTOMERS,DUMMY_CUSTOMERS,ID,4,INTEGER,Column,FALSE,10,INTEGER,1,true,,,,,
Db2T2T,DB2INST1,DUMMY_CUSTOMERS,DUMMY_CUSTOMERS,NAME,12,VARCHAR,Column,FALSE,50,STRING,2,,true,NAME,,,
Db2T2T,DB2INST1,EVENTS,EVENTS,ACCURACY_METERS,3,DECIMAL,Column,TRUE,10,REAL,22,,,,,,
Db2T2T,DB2INST1,EVENTS,EVENTS,APP_VERSION,12,VARCHAR,Column,TRUE,40,STRING,9,,,,,,
Db2T2T,DB2INST1,EVENTS,EVENTS,BROWSER_NAME,12,VARCHAR,Column,TRUE,40,STRING,14,,true,NAME,,,
Db2T2T,DB2INST1,EVENTS,EVENTS,BROWSER_VERSION,12,VARCHAR,Column,TRUE,40,STRING,15,,,,,,
Db2T2T,DB2INST1,EVENTS,EVENTS,CITY,12,VARCHAR,Column,TRUE,120,STRING,18,,true,CITY,,,
Db2T2T,DB2INST1,EVENTS,EVENTS,CLICK_COUNT,4,INTEGER,Column,TRUE,10,INTEGER,32,,,,,,
Db2T2T,DB2INST1,EVENTS,EVENTS,COLOR_DEPTH,5,SMALLINT,Column,TRUE,5,INTEGER,30,,,,,,
Db2T2T,DB2INST1,EVENTS,EVENTS,CONNECTION_TYPE,12,VARCHAR,Column,TRUE,20,STRING,26,,,,,,
Db2T2T,DB2INST1,EVENTS,EVENTS,CONSUMER,12,VARCHAR,Column,TRUE,80,STRING,40,,,,,,
Db2T2T,DB2INST1,EVENTS,EVENTS,COUNTRY,1,CHAR,Column,TRUE,2,STRING,16,,true,COUNTRY,,,
Db2T2T,DB2INST1,EVENTS,EVENTS,CUSTOMER_ID,-5,BIGINT,Column,TRUE,19,INTEGER,2,,,,,,
Db2T2T,DB2INST1,EVENTS,EVENTS,DEVICE_MODEL,12,VARCHAR,Column,TRUE,80,STRING,12,,,,,,
Db2T2T,DB2INST1,EVENTS,EVENTS,DEVICE_VENDOR,12,VARCHAR,Column,TRUE,80,STRING,13,,,,,,
Db2T2T,DB2INST1,EVENTS,EVENTS,EVENT_ID,-5,BIGINT,Column,FALSE,19,INTEGER,1,true,,,,,
Db2T2T,DB2INST1,EVENTS,EVENTS,EVENT_TS,93,TIMESTAMP,Column,FALSE,26,DATETIME,4,,,,,,
Db2T2T,DB2INST1,EVENTS,EVENTS,EVENT_TYPE,12,VARCHAR,Column,TRUE,60,STRING,5,,,,,,
Db2T2T,DB2INST1,EVENTS,EVENTS,EXPERIMENT_ID,12,VARCHAR,Column,TRUE,64,STRING,34,,,,,,
Db2T2T,DB2INST1,EVENTS,EVENTS,IS_MOBILE,1,CHAR,Column,TRUE,1,STRING,24,,true,TELEPHONE_NUMBER,,,
Db2T2T,DB2INST1,EVENTS,EVENTS,IS_VPN,1,CHAR,Column,TRUE,1,STRING,23,,,,,,
Db2T2T,DB2INST1,EVENTS,EVENTS,LANGUAGE,12,VARCHAR,Column,TRUE,16,STRING,27,,true,LANGUAGE,,,
Db2T2T,DB2INST1,EVENTS,EVENTS,LATITUDE,3,DECIMAL,Column,TRUE,10,REAL,20,,true,LATITUDE,,,
Db2T2T,DB2INST1,EVENTS,EVENTS,LONGITUDE,3,DECIMAL,Column,TRUE,10,REAL,21,,true,LONGITUDE,,,
Db2T2T,DB2INST1,EVENTS,EVENTS,NETWORK_CARRIER,12,VARCHAR,Column,TRUE,80,STRING,25,,,,,,
Db2T2T,DB2INST1,EVENTS,EVENTS,OFFSET_NUM,-5,BIGINT,Column,TRUE,19,INTEGER,42,,,,,,
Db2T2T,DB2INST1,EVENTS,EVENTS,OS_NAME,12,VARCHAR,Column,TRUE,40,STRING,10,,true,NAME,,,
Db2T2T,DB2INST1,EVENTS,EVENTS,OS_VERSION,12,VARCHAR,Column,TRUE,40,STRING,11,,,,,,
Db2T2T,DB2INST1,EVENTS,EVENTS,PAGE_URL,12,VARCHAR,Column,TRUE,1000,STRING,7,,,,,,
Db2T2T,DB2INST1,EVENTS,EVENTS,PARTITION_KEY,12,VARCHAR,Column,TRUE,64,STRING,41,,,,,,
Db2T2T,DB2INST1,EVENTS,EVENTS,PRODUCER,12,VARCHAR,Column,TRUE,80,STRING,39,,,,,,
Db2T2T,DB2INST1,EVENTS,EVENTS,REFERRER_URL,12,VARCHAR,Column,TRUE,1000,STRING,8,,,,,,
Db2T2T,DB2INST1,EVENTS,EVENTS,REGION,12,VARCHAR,Column,TRUE,120,STRING,17,,,,,,
Db2T2T,DB2INST1,EVENTS,EVENTS,SCREEN_HEIGHT,4,INTEGER,Column,TRUE,10,INTEGER,29,,,,,,
Db2T2T,DB2INST1,EVENTS,EVENTS,SCREEN_WIDTH,4,INTEGER,Column,TRUE,10,INTEGER,28,,,,,,
Db2T2T,DB2INST1,EVENTS,EVENTS,SCROLL_DEPTH_PCT,3,DECIMAL,Column,TRUE,5,REAL,33,,,,,,
Db2T2T,DB2INST1,EVENTS,EVENTS,SESSION_DURATION_MS,-5,BIGINT,Column,TRUE,19,INTEGER,38,,,,,,
Db2T2T,DB2INST1,EVENTS,EVENTS,SESSION_END_TS,93,TIMESTAMP,Column,TRUE,26,DATETIME,37,,,,,,
Db2T2T,DB2INST1,EVENTS,EVENTS,SESSION_ID,12,VARCHAR,Column,TRUE,64,STRING,3,,,,,,
Db2T2T,DB2INST1,EVENTS,EVENTS,SESSION_START_TS,93,TIMESTAMP,Column,TRUE,26,DATETIME,36,,,,,,
Db2T2T,DB2INST1,EVENTS,EVENTS,SSN,12,VARCHAR,Column,TRUE,32,STRING,43,,true,SOCIAL_SECURITY_NUMBER,,,
Db2T2T,DB2INST1,EVENTS,EVENTS,SUBTYPE,12,VARCHAR,Column,TRUE,60,STRING,6,,,,,,
Db2T2T,DB2INST1,EVENTS,EVENTS,TIME_ON_PAGE_MS,-5,BIGINT,Column,TRUE,19,INTEGER,31,,,,,,
Db2T2T,DB2INST1,EVENTS,EVENTS,VARIANT_ID,12,VARCHAR,Column,TRUE,64,STRING,35,,,,,,
Db2T2T,DB2INST1,EVENTS,EVENTS,ZIP,12,VARCHAR,Column,TRUE,20,STRING,19,,true,POSTAL_CODE,,,
Db2T2T,DB2INST1,EVENTS_SRC,EVENTS_SRC,ACCURACY_METERS,3,DECIMAL,Column,TRUE,10,REAL,22,,,,,,
Db2T2T,DB2INST1,EVENTS_SRC,EVENTS_SRC,APP_VERSION,12,VARCHAR,Column,TRUE,40,STRING,9,,,,,,
Db2T2T,DB2INST1,EVENTS_SRC,EVENTS_SRC,BROWSER_NAME,12,VARCHAR,Column,TRUE,40,STRING,14,,true,NAME,,,
Db2T2T,DB2INST1,EVENTS_SRC,EVENTS_SRC,BROWSER_VERSION,12,VARCHAR,Column,TRUE,40,STRING,15,,,,,,
Db2T2T,DB2INST1,EVENTS_SRC,EVENTS_SRC,CITY,12,VARCHAR,Column,TRUE,120,STRING,18,,true,CITY,,,
Db2T2T,DB2INST1,EVENTS_SRC,EVENTS_SRC,CLICK_COUNT,4,INTEGER,Column,TRUE,10,INTEGER,32,,,,,,
Db2T2T,DB2INST1,EVENTS_SRC,EVENTS_SRC,COLOR_DEPTH,5,SMALLINT,Column,TRUE,5,INTEGER,30,,,,,,
Db2T2T,DB2INST1,EVENTS_SRC,EVENTS_SRC,CONNECTION_TYPE,12,VARCHAR,Column,TRUE,20,STRING,26,,,,,,
Db2T2T,DB2INST1,EVENTS_SRC,EVENTS_SRC,CONSUMER,12,VARCHAR,Column,TRUE,80,STRING,40,,,,,,
Db2T2T,DB2INST1,EVENTS_SRC,EVENTS_SRC,COUNTRY,1,CHAR,Column,TRUE,2,STRING,16,,true,COUNTRY,,,
Db2T2T,DB2INST1,EVENTS_SRC,EVENTS_SRC,CUSTOMER_ID,-5,BIGINT,Column,TRUE,19,INTEGER,2,,,,,,
Db2T2T,DB2INST1,EVENTS_SRC,EVENTS_SRC,DEVICE_MODEL,12,VARCHAR,Column,TRUE,80,STRING,12,,,,,,
Db2T2T,DB2INST1,EVENTS_SRC,EVENTS_SRC,DEVICE_VENDOR,12,VARCHAR,Column,TRUE,80,STRING,13,,,,,,
Db2T2T,DB2INST1,EVENTS_SRC,EVENTS_SRC,EVENT_ID,-5,BIGINT,Column,FALSE,19,INTEGER,1,true,,,,,
Db2T2T,DB2INST1,EVENTS_SRC,EVENTS_SRC,EVENT_TS,93,TIMESTAMP,Column,FALSE,26,DATETIME,4,,,,,,
Db2T2T,DB2INST1,EVENTS_SRC,EVENTS_SRC,EVENT_TYPE,12,VARCHAR,Column,TRUE,60,STRING,5,,,,,,
Db2T2T,DB2INST1,EVENTS_SRC,EVENTS_SRC,EXPERIMENT_ID,12,VARCHAR,Column,TRUE,64,STRING,34,,,,,,
Db2T2T,DB2INST1,EVENTS_SRC,EVENTS_SRC,IS_MOBILE,1,CHAR,Column,TRUE,1,STRING,24,,true,TELEPHONE_NUMBER,,,
Db2T2T,DB2INST1,EVENTS_SRC,EVENTS_SRC,IS_VPN,1,CHAR,Column,TRUE,1,STRING,23,,,,,,
Db2T2T,DB2INST1,EVENTS_SRC,EVENTS_SRC,LANGUAGE,12,VARCHAR,Column,TRUE,16,STRING,27,,true,LANGUAGE,,,
Db2T2T,DB2INST1,EVENTS_SRC,EVENTS_SRC,LATITUDE,3,DECIMAL,Column,TRUE,10,REAL,20,,true,LATITUDE,,,
Db2T2T,DB2INST1,EVENTS_SRC,EVENTS_SRC,LONGITUDE,3,DECIMAL,Column,TRUE,10,REAL,21,,true,LONGITUDE,,,
Db2T2T,DB2INST1,EVENTS_SRC,EVENTS_SRC,NETWORK_CARRIER,12,VARCHAR,Column,TRUE,80,STRING,25,,,,,,
Db2T2T,DB2INST1,EVENTS_SRC,EVENTS_SRC,OFFSET_NUM,-5,BIGINT,Column,TRUE,19,INTEGER,42,,,,,,
Db2T2T,DB2INST1,EVENTS_SRC,EVENTS_SRC,OS_NAME,12,VARCHAR,Column,TRUE,40,STRING,10,,true,NAME,,,
Db2T2T,DB2INST1,EVENTS_SRC,EVENTS_SRC,OS_VERSION,12,VARCHAR,Column,TRUE,40,STRING,11,,,,,,
Db2T2T,DB2INST1,EVENTS_SRC,EVENTS_SRC,PAGE_URL,12,VARCHAR,Column,TRUE,1000,STRING,7,,,,,,
Db2T2T,DB2INST1,EVENTS_SRC,EVENTS_SRC,PARTITION_KEY,12,VARCHAR,Column,TRUE,64,STRING,41,,,,,,
Db2T2T,DB2INST1,EVENTS_SRC,EVENTS_SRC,PRODUCER,12,VARCHAR,Column,TRUE,80,STRING,39,,,,,,
Db2T2T,DB2INST1,EVENTS_SRC,EVENTS_SRC,REFERRER_URL,12,VARCHAR,Column,TRUE,1000,STRING,8,,,,,,
Db2T2T,DB2INST1,EVENTS_SRC,EVENTS_SRC,REGION,12,VARCHAR,Column,TRUE,120,STRING,17,,,,,,
Db2T2T,DB2INST1,EVENTS_SRC,EVENTS_SRC,SCREEN_HEIGHT,4,INTEGER,Column,TRUE,10,INTEGER,29,,,,,,
Db2T2T,DB2INST1,EVENTS_SRC,EVENTS_SRC,SCREEN_WIDTH,4,INTEGER,Column,TRUE,10,INTEGER,28,,,,,,
Db2T2T,DB2INST1,EVENTS_SRC,EVENTS_SRC,SCROLL_DEPTH_PCT,3,DECIMAL,Column,TRUE,5,REAL,33,,,,,,
Db2T2T,DB2INST1,EVENTS_SRC,EVENTS_SRC,SESSION_DURATION_MS,-5,BIGINT,Column,TRUE,19,INTEGER,38,,,,,,
Db2T2T,DB2INST1,EVENTS_SRC,EVENTS_SRC,SESSION_END_TS,93,TIMESTAMP,Column,TRUE,26,DATETIME,37,,,,,,
Db2T2T,DB2INST1,EVENTS_SRC,EVENTS_SRC,SESSION_ID,12,VARCHAR,Column,TRUE,64,STRING,3,,,,,,
Db2T2T,DB2INST1,EVENTS_SRC,EVENTS_SRC,SESSION_START_TS,93,TIMESTAMP,Column,TRUE,26,DATETIME,36,,,,,,
Db2T2T,DB2INST1,EVENTS_SRC,EVENTS_SRC,SSN,12,VARCHAR,Column,TRUE,32,STRING,43,,true,SOCIAL_SECURITY_NUMBER,,,
Db2T2T,DB2INST1,EVENTS_SRC,EVENTS_SRC,SUBTYPE,12,VARCHAR,Column,TRUE,60,STRING,6,,,,,,
Db2T2T,DB2INST1,EVENTS_SRC,EVENTS_SRC,TIME_ON_PAGE_MS,-5,BIGINT,Column,TRUE,19,INTEGER,31,,,,,,
Db2T2T,DB2INST1,EVENTS_SRC,EVENTS_SRC,VARIANT_ID,12,VARCHAR,Column,TRUE,64,STRING,35,,,,,,
Db2T2T,DB2INST1,EVENTS_SRC,EVENTS_SRC,ZIP,12,VARCHAR,Column,TRUE,20,STRING,19,,true,POSTAL_CODE,,,
Db2T2T,DB2INST1,EVENTS_TRG,EVENTS_TRG,ACCURACY_METERS,3,DECIMAL,Column,TRUE,10,REAL,22,,,,,,
Db2T2T,DB2INST1,EVENTS_TRG,EVENTS_TRG,APP_VERSION,12,VARCHAR,Column,TRUE,40,STRING,9,,,,,,
Db2T2T,DB2INST1,EVENTS_TRG,EVENTS_TRG,BROWSER_NAME,12,VARCHAR,Column,TRUE,40,STRING,14,,true,NAME,,,
Db2T2T,DB2INST1,EVENTS_TRG,EVENTS_TRG,BROWSER_VERSION,12,VARCHAR,Column,TRUE,40,STRING,15,,,,,,
Db2T2T,DB2INST1,EVENTS_TRG,EVENTS_TRG,CITY,12,VARCHAR,Column,TRUE,120,STRING,18,,true,CITY,,,
Db2T2T,DB2INST1,EVENTS_TRG,EVENTS_TRG,CLICK_COUNT,4,INTEGER,Column,TRUE,10,INTEGER,32,,,,,,
Db2T2T,DB2INST1,EVENTS_TRG,EVENTS_TRG,COLOR_DEPTH,5,SMALLINT,Column,TRUE,5,INTEGER,30,,,,,,
Db2T2T,DB2INST1,EVENTS_TRG,EVENTS_TRG,CONNECTION_TYPE,12,VARCHAR,Column,TRUE,20,STRING,26,,,,,,
Db2T2T,DB2INST1,EVENTS_TRG,EVENTS_TRG,CONSUMER,12,VARCHAR,Column,TRUE,80,STRING,40,,,,,,
Db2T2T,DB2INST1,EVENTS_TRG,EVENTS_TRG,COUNTRY,1,CHAR,Column,TRUE,2,STRING,16,,true,COUNTRY,,,
Db2T2T,DB2INST1,EVENTS_TRG,EVENTS_TRG,CUSTOMER_ID,-5,BIGINT,Column,TRUE,19,INTEGER,2,,,,,,
Db2T2T,DB2INST1,EVENTS_TRG,EVENTS_TRG,DEVICE_MODEL,12,VARCHAR,Column,TRUE,80,STRING,12,,,,,,
Db2T2T,DB2INST1,EVENTS_TRG,EVENTS_TRG,DEVICE_VENDOR,12,VARCHAR,Column,TRUE,80,STRING,13,,,,,,
Db2T2T,DB2INST1,EVENTS_TRG,EVENTS_TRG,EVENT_ID,-5,BIGINT,Column,FALSE,19,INTEGER,1,true,,,,,
Db2T2T,DB2INST1,EVENTS_TRG,EVENTS_TRG,EVENT_TS,93,TIMESTAMP,Column,FALSE,26,DATETIME,4,,,,,,
Db2T2T,DB2INST1,EVENTS_TRG,EVENTS_TRG,EVENT_TYPE,12,VARCHAR,Column,TRUE,60,STRING,5,,,,,,
Db2T2T,DB2INST1,EVENTS_TRG,EVENTS_TRG,EXPERIMENT_ID,12,VARCHAR,Column,TRUE,64,STRING,34,,,,,,
Db2T2T,DB2INST1,EVENTS_TRG,EVENTS_TRG,IS_MOBILE,1,CHAR,Column,TRUE,1,STRING,24,,true,TELEPHONE_NUMBER,,,
Db2T2T,DB2INST1,EVENTS_TRG,EVENTS_TRG,IS_VPN,1,CHAR,Column,TRUE,1,STRING,23,,,,,,
Db2T2T,DB2INST1,EVENTS_TRG,EVENTS_TRG,LANGUAGE,12,VARCHAR,Column,TRUE,16,STRING,27,,true,LANGUAGE,,,
Db2T2T,DB2INST1,EVENTS_TRG,EVENTS_TRG,LATITUDE,3,DECIMAL,Column,TRUE,10,REAL,20,,true,LATITUDE,,,
Db2T2T,DB2INST1,EVENTS_TRG,EVENTS_TRG,LONGITUDE,3,DECIMAL,Column,TRUE,10,REAL,21,,true,LONGITUDE,,,
Db2T2T,DB2INST1,EVENTS_TRG,EVENTS_TRG,NETWORK_CARRIER,12,VARCHAR,Column,TRUE,80,STRING,25,,,,,,
Db2T2T,DB2INST1,EVENTS_TRG,EVENTS_TRG,OFFSET_NUM,-5,BIGINT,Column,TRUE,19,INTEGER,42,,,,,,
Db2T2T,DB2INST1,EVENTS_TRG,EVENTS_TRG,OS_NAME,12,VARCHAR,Column,TRUE,40,STRING,10,,true,NAME,,,
Db2T2T,DB2INST1,EVENTS_TRG,EVENTS_TRG,OS_VERSION,12,VARCHAR,Column,TRUE,40,STRING,11,,,,,,
Db2T2T,DB2INST1,EVENTS_TRG,EVENTS_TRG,PAGE_URL,12,VARCHAR,Column,TRUE,1000,STRING,7,,,,,,
Db2T2T,DB2INST1,EVENTS_TRG,EVENTS_TRG,PARTITION_KEY,12,VARCHAR,Column,TRUE,64,STRING,41,,,,,,
Db2T2T,DB2INST1,EVENTS_TRG,EVENTS_TRG,PRODUCER,12,VARCHAR,Column,TRUE,80,STRING,39,,,,,,
Db2T2T,DB2INST1,EVENTS_TRG,EVENTS_TRG,REFERRER_URL,12,VARCHAR,Column,TRUE,1000,STRING,8,,,,,,
Db2T2T,DB2INST1,EVENTS_TRG,EVENTS_TRG,REGION,12,VARCHAR,Column,TRUE,120,STRING,17,,,,,,
Db2T2T,DB2INST1,EVENTS_TRG,EVENTS_TRG,SCREEN_HEIGHT,4,INTEGER,Column,TRUE,10,INTEGER,29,,,,,,
Db2T2T,DB2INST1,EVENTS_TRG,EVENTS_TRG,SCREEN_WIDTH,4,INTEGER,Column,TRUE,10,INTEGER,28,,,,,,
Db2T2T,DB2INST1,EVENTS_TRG,EVENTS_TRG,SCROLL_DEPTH_PCT,3,DECIMAL,Column,TRUE,5,REAL,33,,,,,,
Db2T2T,DB2INST1,EVENTS_TRG,EVENTS_TRG,SESSION_DURATION_MS,-5,BIGINT,Column,TRUE,19,INTEGER,38,,,,,,
Db2T2T,DB2INST1,EVENTS_TRG,EVENTS_TRG,SESSION_END_TS,93,TIMESTAMP,Column,TRUE,26,DATETIME,37,,,,,,
Db2T2T,DB2INST1,EVENTS_TRG,EVENTS_TRG,SESSION_ID,12,VARCHAR,Column,TRUE,64,STRING,3,,,,,,
Db2T2T,DB2INST1,EVENTS_TRG,EVENTS_TRG,SESSION_START_TS,93,TIMESTAMP,Column,TRUE,26,DATETIME,36,,,,,,
Db2T2T,DB2INST1,EVENTS_TRG,EVENTS_TRG,SSN,12,VARCHAR,Column,TRUE,32,STRING,43,,true,SOCIAL_SECURITY_NUMBER,,,
Db2T2T,DB2INST1,EVENTS_TRG,EVENTS_TRG,SUBTYPE,12,VARCHAR,Column,TRUE,60,STRING,6,,,,,,
Db2T2T,DB2INST1,EVENTS_TRG,EVENTS_TRG,TIME_ON_PAGE_MS,-5,BIGINT,Column,TRUE,19,INTEGER,31,,,,,,
Db2T2T,DB2INST1,EVENTS_TRG,EVENTS_TRG,VARIANT_ID,12,VARCHAR,Column,TRUE,64,STRING,35,,,,,,
Db2T2T,DB2INST1,EVENTS_TRG,EVENTS_TRG,ZIP,12,VARCHAR,Column,TRUE,20,STRING,19,,true,POSTAL_CODE,,,
Db2T2T,DB2INST1,NUMBERS,NUMBERS,N,4,INTEGER,Column,TRUE,10,INTEGER,1,,,,,,
Db2T2T,DB2INST1,NUMS,NUMS,N,4,INTEGER,Column,TRUE,10,INTEGER,1,,,,,,
Db2T2T,DB2INST1,ORDERS,ORDERS,AFFILIATE_ID,12,VARCHAR,Column,TRUE,64,STRING,23,,true,AFFILIATE_ID,,,
Db2T2T,DB2INST1,ORDERS,ORDERS,AMOUNT,3,DECIMAL,Column,FALSE,18,REAL,5,,,,,,
Db2T2T,DB2INST1,ORDERS,ORDERS,BILLING_ADDR1,12,VARCHAR,Column,TRUE,200,STRING,36,,true,ADDRESS,,,
Db2T2T,DB2INST1,ORDERS,ORDERS,BILLING_ADDR2,12,VARCHAR,Column,TRUE,200,STRING,37,,true,ADDRESS,,,
Db2T2T,DB2INST1,ORDERS,ORDERS,BILLING_CITY,12,VARCHAR,Column,TRUE,120,STRING,38,,,,,,
Db2T2T,DB2INST1,ORDERS,ORDERS,BILLING_COUNTRY,1,CHAR,Column,TRUE,2,STRING,41,,,,,,
Db2T2T,DB2INST1,ORDERS,ORDERS,BILLING_POSTAL_CODE,12,VARCHAR,Column,TRUE,20,STRING,40,,true,POSTAL_CODE,,,
Db2T2T,DB2INST1,ORDERS,ORDERS,BILLING_STATE,12,VARCHAR,Column,TRUE,120,STRING,39,,,,,,
Db2T2T,DB2INST1,ORDERS,ORDERS,CANCELLED_AT,93,TIMESTAMP,Column,TRUE,26,DATETIME,48,,,,,,
Db2T2T,DB2INST1,ORDERS,ORDERS,CARD_BIN,1,CHAR,Column,TRUE,6,STRING,14,,,,,,
Db2T2T,DB2INST1,ORDERS,ORDERS,CARD_BRAND,12,VARCHAR,Column,TRUE,40,STRING,12,,,,,,
Db2T2T,DB2INST1,ORDERS,ORDERS,CARD_EXP_MONTH,5,SMALLINT,Column,TRUE,5,INTEGER,15,,,,,,
Db2T2T,DB2INST1,ORDERS,ORDERS,CARD_EXP_YEAR,5,SMALLINT,Column,TRUE,5,INTEGER,16,,,,,,
Db2T2T,DB2INST1,ORDERS,ORDERS,CARD_LAST4,1,CHAR,Column,TRUE,4,STRING,13,,,,,,
Db2T2T,DB2INST1,ORDERS,ORDERS,CHANNEL,12,VARCHAR,Column,TRUE,40,STRING,21,,,,,,
Db2T2T,DB2INST1,ORDERS,ORDERS,CREATED_AT,93,TIMESTAMP,Column,TRUE,26,DATETIME,46,,,,,,
Db2T2T,DB2INST1,ORDERS,ORDERS,CURRENCY,1,CHAR,Column,FALSE,3,STRING,9,,,,,,
Db2T2T,DB2INST1,ORDERS,ORDERS,CUSTOMER_ID,-5,BIGINT,Column,FALSE,19,INTEGER,2,,,,,,
Db2T2T,DB2INST1,ORDERS,ORDERS,DEVICE_FINGERPRINT,12,VARCHAR,Column,TRUE,128,STRING,19,,,,,,
Db2T2T,DB2INST1,ORDERS,ORDERS,DEVICE_ID,12,VARCHAR,Column,TRUE,64,STRING,18,,,,,,
Db2T2T,DB2INST1,ORDERS,ORDERS,DISCOUNT_AMOUNT,3,DECIMAL,Column,TRUE,18,REAL,7,,,,,,
Db2T2T,DB2INST1,ORDERS,ORDERS,FRAUD_SCORE,3,DECIMAL,Column,TRUE,5,REAL,27,,,,,,
Db2T2T,DB2INST1,ORDERS,ORDERS,GEO_LAT,3,DECIMAL,Column,TRUE,10,REAL,28,,,,,,
Db2T2T,DB2INST1,ORDERS,ORDERS,GEO_LON,3,DECIMAL,Column,TRUE,10,REAL,29,,,,,,
Db2T2T,DB2INST1,ORDERS,ORDERS,GIFT_WRAP,1,CHAR,Column,TRUE,1,STRING,42,,,,,,
Db2T2T,DB2INST1,ORDERS,ORDERS,IP_ADDRESS,12,VARCHAR,Column,TRUE,45,STRING,17,,true,IP_ADDRESS,,,
Db2T2T,DB2INST1,ORDERS,ORDERS,IS_GIFT,1,CHAR,Column,TRUE,1,STRING,43,,,,,,
Db2T2T,DB2INST1,ORDERS,ORDERS,ITEMS_COUNT,4,INTEGER,Column,TRUE,10,INTEGER,26,,,,,,
Db2T2T,DB2INST1,ORDERS,ORDERS,MERCHANT_ID,12,VARCHAR,Column,TRUE,64,STRING,24,,,,,,
Db2T2T,DB2INST1,ORDERS,ORDERS,ORDER_DATE,91,DATE,Column,TRUE,10,DATE,4,,,,,,
Db2T2T,DB2INST1,ORDERS,ORDERS,ORDER_ID,-5,BIGINT,Column,FALSE,19,INTEGER,1,true,,,,,
Db2T2T,DB2INST1,ORDERS,ORDERS,ORDER_TS,93,TIMESTAMP,Column,FALSE,26,DATETIME,3,,,,,,
Db2T2T,DB2INST1,ORDERS,ORDERS,PAYMENT_METHOD,12,VARCHAR,Column,TRUE,40,STRING,11,,true,CREDIT_CARD,,,
Db2T2T,DB2INST1,ORDERS,ORDERS,PROMO_CODE,12,VARCHAR,Column,TRUE,40,STRING,22,,,,,,
Db2T2T,DB2INST1,ORDERS,ORDERS,REFERENCE_ID,12,VARCHAR,Column,TRUE,64,STRING,44,,,,,,
Db2T2T,DB2INST1,ORDERS,ORDERS,RETURN_WINDOW_DAYS,5,SMALLINT,Column,TRUE,5,INTEGER,49,,,,,,
Db2T2T,DB2INST1,ORDERS,ORDERS,SHIPPING_ADDR1,12,VARCHAR,Column,TRUE,200,STRING,30,,true,ADDRESS,,,
Db2T2T,DB2INST1,ORDERS,ORDERS,SHIPPING_ADDR2,12,VARCHAR,Column,TRUE,200,STRING,31,,true,ADDRESS,,,
Db2T2T,DB2INST1,ORDERS,ORDERS,SHIPPING_CITY,12,VARCHAR,Column,TRUE,120,STRING,32,,,,,,
Db2T2T,DB2INST1,ORDERS,ORDERS,SHIPPING_COUNTRY,1,CHAR,Column,TRUE,2,STRING,35,,,,,,
Db2T2T,DB2INST1,ORDERS,ORDERS,SHIPPING_FEE,3,DECIMAL,Column,TRUE,18,REAL,8,,,,,,
Db2T2T,DB2INST1,ORDERS,ORDERS,SHIPPING_POSTAL_CODE,12,VARCHAR,Column,TRUE,20,STRING,34,,true,POSTAL_CODE,,,
Db2T2T,DB2INST1,ORDERS,ORDERS,SHIPPING_STATE,12,VARCHAR,Column,TRUE,120,STRING,33,,,,,,
Db2T2T,DB2INST1,ORDERS,ORDERS,SSN,12,VARCHAR,Column,TRUE,32,STRING,45,,true,SOCIAL_SECURITY_NUMBER,,,
Db2T2T,DB2INST1,ORDERS,ORDERS,STATUS,12,VARCHAR,Column,TRUE,40,STRING,10,,,,,,
Db2T2T,DB2INST1,ORDERS,ORDERS,STORE_ID,12,VARCHAR,Column,TRUE,64,STRING,25,,,,,,
Db2T2T,DB2INST1,ORDERS,ORDERS,TAX_AMOUNT,3,DECIMAL,Column,TRUE,18,REAL,6,,,,,,
Db2T2T,DB2INST1,ORDERS,ORDERS,UPDATED_AT,93,TIMESTAMP,Column,TRUE,26,DATETIME,47,,,,,,
Db2T2T,DB2INST1,ORDERS,ORDERS,USER_AGENT,12,VARCHAR,Column,TRUE,400,STRING,20,,,,,,
Db2T2T,DB2INST1,ORDERS,ORDERS,VERSION,4,INTEGER,Column,TRUE,10,INTEGER,50,,,,,,
Db2T2T,DB2INST1,ORDERS_SRC,ORDERS_SRC,AFFILIATE_ID,12,VARCHAR,Column,TRUE,64,STRING,23,,true,AFFILIATE_ID,,,
Db2T2T,DB2INST1,ORDERS_SRC,ORDERS_SRC,AMOUNT,3,DECIMAL,Column,FALSE,18,REAL,5,,,,,,
Db2T2T,DB2INST1,ORDERS_SRC,ORDERS_SRC,BILLING_ADDR1,12,VARCHAR,Column,TRUE,200,STRING,36,,true,ADDRESS,,,
Db2T2T,DB2INST1,ORDERS_SRC,ORDERS_SRC,BILLING_ADDR2,12,VARCHAR,Column,TRUE,200,STRING,37,,true,ADDRESS,,,
Db2T2T,DB2INST1,ORDERS_SRC,ORDERS_SRC,BILLING_CITY,12,VARCHAR,Column,TRUE,120,STRING,38,,,,,,
Db2T2T,DB2INST1,ORDERS_SRC,ORDERS_SRC,BILLING_COUNTRY,1,CHAR,Column,TRUE,2,STRING,41,,,,,,
Db2T2T,DB2INST1,ORDERS_SRC,ORDERS_SRC,BILLING_POSTAL_CODE,12,VARCHAR,Column,TRUE,20,STRING,40,,true,POSTAL_CODE,,,
Db2T2T,DB2INST1,ORDERS_SRC,ORDERS_SRC,BILLING_STATE,12,VARCHAR,Column,TRUE,120,STRING,39,,,,,,
Db2T2T,DB2INST1,ORDERS_SRC,ORDERS_SRC,CANCELLED_AT,93,TIMESTAMP,Column,TRUE,26,DATETIME,48,,,,,,
Db2T2T,DB2INST1,ORDERS_SRC,ORDERS_SRC,CARD_BIN,1,CHAR,Column,TRUE,6,STRING,14,,,,,,
Db2T2T,DB2INST1,ORDERS_SRC,ORDERS_SRC,CARD_BRAND,12,VARCHAR,Column,TRUE,40,STRING,12,,,,,,
Db2T2T,DB2INST1,ORDERS_SRC,ORDERS_SRC,CARD_EXP_MONTH,5,SMALLINT,Column,TRUE,5,INTEGER,15,,,,,,
Db2T2T,DB2INST1,ORDERS_SRC,ORDERS_SRC,CARD_EXP_YEAR,5,SMALLINT,Column,TRUE,5,INTEGER,16,,,,,,
Db2T2T,DB2INST1,ORDERS_SRC,ORDERS_SRC,CARD_LAST4,1,CHAR,Column,TRUE,4,STRING,13,,,,,,
Db2T2T,DB2INST1,ORDERS_SRC,ORDERS_SRC,CHANNEL,12,VARCHAR,Column,TRUE,40,STRING,21,,,,,,
Db2T2T,DB2INST1,ORDERS_SRC,ORDERS_SRC,CREATED_AT,93,TIMESTAMP,Column,TRUE,26,DATETIME,46,,,,,,
Db2T2T,DB2INST1,ORDERS_SRC,ORDERS_SRC,CURRENCY,1,CHAR,Column,FALSE,3,STRING,9,,,,,,
Db2T2T,DB2INST1,ORDERS_SRC,ORDERS_SRC,CUSTOMER_ID,-5,BIGINT,Column,FALSE,19,INTEGER,2,,,,,,
Db2T2T,DB2INST1,ORDERS_SRC,ORDERS_SRC,DEVICE_FINGERPRINT,12,VARCHAR,Column,TRUE,128,STRING,19,,,,,,
Db2T2T,DB2INST1,ORDERS_SRC,ORDERS_SRC,DEVICE_ID,12,VARCHAR,Column,TRUE,64,STRING,18,,,,,,
Db2T2T,DB2INST1,ORDERS_SRC,ORDERS_SRC,DISCOUNT_AMOUNT,3,DECIMAL,Column,TRUE,18,REAL,7,,,,,,
Db2T2T,DB2INST1,ORDERS_SRC,ORDERS_SRC,FRAUD_SCORE,3,DECIMAL,Column,TRUE,5,REAL,27,,,,,,
Db2T2T,DB2INST1,ORDERS_SRC,ORDERS_SRC,GEO_LAT,3,DECIMAL,Column,TRUE,10,REAL,28,,,,,,
Db2T2T,DB2INST1,ORDERS_SRC,ORDERS_SRC,GEO_LON,3,DECIMAL,Column,TRUE,10,REAL,29,,,,,,
Db2T2T,DB2INST1,ORDERS_SRC,ORDERS_SRC,GIFT_WRAP,1,CHAR,Column,TRUE,1,STRING,42,,,,,,
Db2T2T,DB2INST1,ORDERS_SRC,ORDERS_SRC,IP_ADDRESS,12,VARCHAR,Column,TRUE,45,STRING,17,,true,IP_ADDRESS,,,
Db2T2T,DB2INST1,ORDERS_SRC,ORDERS_SRC,IS_GIFT,1,CHAR,Column,TRUE,1,STRING,43,,,,,,
Db2T2T,DB2INST1,ORDERS_SRC,ORDERS_SRC,ITEMS_COUNT,4,INTEGER,Column,TRUE,10,INTEGER,26,,,,,,
Db2T2T,DB2INST1,ORDERS_SRC,ORDERS_SRC,MERCHANT_ID,12,VARCHAR,Column,TRUE,64,STRING,24,,,,,,
Db2T2T,DB2INST1,ORDERS_SRC,ORDERS_SRC,ORDER_DATE,91,DATE,Column,TRUE,10,DATE,4,,,,,,
Db2T2T,DB2INST1,ORDERS_SRC,ORDERS_SRC,ORDER_ID,-5,BIGINT,Column,FALSE,19,INTEGER,1,true,,,,,
Db2T2T,DB2INST1,ORDERS_SRC,ORDERS_SRC,ORDER_TS,93,TIMESTAMP,Column,FALSE,26,DATETIME,3,,,,,,
Db2T2T,DB2INST1,ORDERS_SRC,ORDERS_SRC,PAYMENT_METHOD,12,VARCHAR,Column,TRUE,40,STRING,11,,true,CREDIT_CARD,,,
Db2T2T,DB2INST1,ORDERS_SRC,ORDERS_SRC,PROMO_CODE,12,VARCHAR,Column,TRUE,40,STRING,22,,,,,,
Db2T2T,DB2INST1,ORDERS_SRC,ORDERS_SRC,REFERENCE_ID,12,VARCHAR,Column,TRUE,64,STRING,44,,,,,,
Db2T2T,DB2INST1,ORDERS_SRC,ORDERS_SRC,RETURN_WINDOW_DAYS,5,SMALLINT,Column,TRUE,5,INTEGER,49,,,,,,
Db2T2T,DB2INST1,ORDERS_SRC,ORDERS_SRC,SHIPPING_ADDR1,12,VARCHAR,Column,TRUE,200,STRING,30,,true,ADDRESS,,,
Db2T2T,DB2INST1,ORDERS_SRC,ORDERS_SRC,SHIPPING_ADDR2,12,VARCHAR,Column,TRUE,200,STRING,31,,true,ADDRESS,,,
Db2T2T,DB2INST1,ORDERS_SRC,ORDERS_SRC,SHIPPING_CITY,12,VARCHAR,Column,TRUE,120,STRING,32,,,,,,
Db2T2T,DB2INST1,ORDERS_SRC,ORDERS_SRC,SHIPPING_COUNTRY,1,CHAR,Column,TRUE,2,STRING,35,,,,,,
Db2T2T,DB2INST1,ORDERS_SRC,ORDERS_SRC,SHIPPING_FEE,3,DECIMAL,Column,TRUE,18,REAL,8,,,,,,
Db2T2T,DB2INST1,ORDERS_SRC,ORDERS_SRC,SHIPPING_POSTAL_CODE,12,VARCHAR,Column,TRUE,20,STRING,34,,true,POSTAL_CODE,,,
Db2T2T,DB2INST1,ORDERS_SRC,ORDERS_SRC,SHIPPING_STATE,12,VARCHAR,Column,TRUE,120,STRING,33,,,,,,
Db2T2T,DB2INST1,ORDERS_SRC,ORDERS_SRC,SSN,12,VARCHAR,Column,TRUE,32,STRING,45,,true,SOCIAL_SECURITY_NUMBER,,,
Db2T2T,DB2INST1,ORDERS_SRC,ORDERS_SRC,STATUS,12,VARCHAR,Column,TRUE,40,STRING,10,,,,,,
Db2T2T,DB2INST1,ORDERS_SRC,ORDERS_SRC,STORE_ID,12,VARCHAR,Column,TRUE,64,STRING,25,,,,,,
Db2T2T,DB2INST1,ORDERS_SRC,ORDERS_SRC,TAX_AMOUNT,3,DECIMAL,Column,TRUE,18,REAL,6,,,,,,
Db2T2T,DB2INST1,ORDERS_SRC,ORDERS_SRC,UPDATED_AT,93,TIMESTAMP,Column,TRUE,26,DATETIME,47,,,,,,
Db2T2T,DB2INST1,ORDERS_SRC,ORDERS_SRC,USER_AGENT,12,VARCHAR,Column,TRUE,400,STRING,20,,,,,,
Db2T2T,DB2INST1,ORDERS_SRC,ORDERS_SRC,VERSION,4,INTEGER,Column,TRUE,10,INTEGER,50,,,,,,
Db2T2T,DB2INST1,ORDERS_TRG,ORDERS_TRG,AFFILIATE_ID,12,VARCHAR,Column,TRUE,64,STRING,23,,true,AFFILIATE_ID,,,
Db2T2T,DB2INST1,ORDERS_TRG,ORDERS_TRG,AMOUNT,3,DECIMAL,Column,FALSE,18,REAL,5,,,,,,
Db2T2T,DB2INST1,ORDERS_TRG,ORDERS_TRG,BILLING_ADDR1,12,VARCHAR,Column,TRUE,200,STRING,36,,true,ADDRESS,,,
Db2T2T,DB2INST1,ORDERS_TRG,ORDERS_TRG,BILLING_ADDR2,12,VARCHAR,Column,TRUE,200,STRING,37,,true,ADDRESS,,,
Db2T2T,DB2INST1,ORDERS_TRG,ORDERS_TRG,BILLING_CITY,12,VARCHAR,Column,TRUE,120,STRING,38,,,,,,
Db2T2T,DB2INST1,ORDERS_TRG,ORDERS_TRG,BILLING_COUNTRY,1,CHAR,Column,TRUE,2,STRING,41,,,,,,
Db2T2T,DB2INST1,ORDERS_TRG,ORDERS_TRG,BILLING_POSTAL_CODE,12,VARCHAR,Column,TRUE,20,STRING,40,,true,POSTAL_CODE,,,
Db2T2T,DB2INST1,ORDERS_TRG,ORDERS_TRG,BILLING_STATE,12,VARCHAR,Column,TRUE,120,STRING,39,,,,,,
Db2T2T,DB2INST1,ORDERS_TRG,ORDERS_TRG,CANCELLED_AT,93,TIMESTAMP,Column,TRUE,26,DATETIME,48,,,,,,
Db2T2T,DB2INST1,ORDERS_TRG,ORDERS_TRG,CARD_BIN,1,CHAR,Column,TRUE,6,STRING,14,,,,,,
Db2T2T,DB2INST1,ORDERS_TRG,ORDERS_TRG,CARD_BRAND,12,VARCHAR,Column,TRUE,40,STRING,12,,,,,,
Db2T2T,DB2INST1,ORDERS_TRG,ORDERS_TRG,CARD_EXP_MONTH,5,SMALLINT,Column,TRUE,5,INTEGER,15,,,,,,
Db2T2T,DB2INST1,ORDERS_TRG,ORDERS_TRG,CARD_EXP_YEAR,5,SMALLINT,Column,TRUE,5,INTEGER,16,,,,,,
Db2T2T,DB2INST1,ORDERS_TRG,ORDERS_TRG,CARD_LAST4,1,CHAR,Column,TRUE,4,STRING,13,,,,,,
Db2T2T,DB2INST1,ORDERS_TRG,ORDERS_TRG,CHANNEL,12,VARCHAR,Column,TRUE,40,STRING,21,,,,,,
Db2T2T,DB2INST1,ORDERS_TRG,ORDERS_TRG,CREATED_AT,93,TIMESTAMP,Column,TRUE,26,DATETIME,46,,,,,,
Db2T2T,DB2INST1,ORDERS_TRG,ORDERS_TRG,CURRENCY,1,CHAR,Column,FALSE,3,STRING,9,,,,,,
Db2T2T,DB2INST1,ORDERS_TRG,ORDERS_TRG,CUSTOMER_ID,-5,BIGINT,Column,FALSE,19,INTEGER,2,,,,,,
Db2T2T,DB2INST1,ORDERS_TRG,ORDERS_TRG,DEVICE_FINGERPRINT,12,VARCHAR,Column,TRUE,128,STRING,19,,,,,,
Db2T2T,DB2INST1,ORDERS_TRG,ORDERS_TRG,DEVICE_ID,12,VARCHAR,Column,TRUE,64,STRING,18,,,,,,
Db2T2T,DB2INST1,ORDERS_TRG,ORDERS_TRG,DISCOUNT_AMOUNT,3,DECIMAL,Column,TRUE,18,REAL,7,,,,,,
Db2T2T,DB2INST1,ORDERS_TRG,ORDERS_TRG,FRAUD_SCORE,3,DECIMAL,Column,TRUE,5,REAL,27,,,,,,
Db2T2T,DB2INST1,ORDERS_TRG,ORDERS_TRG,GEO_LAT,3,DECIMAL,Column,TRUE,10,REAL,28,,,,,,
Db2T2T,DB2INST1,ORDERS_TRG,ORDERS_TRG,GEO_LON,3,DECIMAL,Column,TRUE,10,REAL,29,,,,,,
Db2T2T,DB2INST1,ORDERS_TRG,ORDERS_TRG,GIFT_WRAP,1,CHAR,Column,TRUE,1,STRING,42,,,,,,
Db2T2T,DB2INST1,ORDERS_TRG,ORDERS_TRG,IP_ADDRESS,12,VARCHAR,Column,TRUE,45,STRING,17,,true,IP_ADDRESS,,,
Db2T2T,DB2INST1,ORDERS_TRG,ORDERS_TRG,IS_GIFT,1,CHAR,Column,TRUE,1,STRING,43,,,,,,
Db2T2T,DB2INST1,ORDERS_TRG,ORDERS_TRG,ITEMS_COUNT,4,INTEGER,Column,TRUE,10,INTEGER,26,,,,,,
Db2T2T,DB2INST1,ORDERS_TRG,ORDERS_TRG,MERCHANT_ID,12,VARCHAR,Column,TRUE,64,STRING,24,,,,,,
Db2T2T,DB2INST1,ORDERS_TRG,ORDERS_TRG,ORDER_DATE,91,DATE,Column,TRUE,10,DATE,4,,,,,,
Db2T2T,DB2INST1,ORDERS_TRG,ORDERS_TRG,ORDER_ID,-5,BIGINT,Column,FALSE,19,INTEGER,1,true,,,,,
Db2T2T,DB2INST1,ORDERS_TRG,ORDERS_TRG,ORDER_TS,93,TIMESTAMP,Column,FALSE,26,DATETIME,3,,,,,,
Db2T2T,DB2INST1,ORDERS_TRG,ORDERS_TRG,PAYMENT_METHOD,12,VARCHAR,Column,TRUE,40,STRING,11,,true,CREDIT_CARD,,,
Db2T2T,DB2INST1,ORDERS_TRG,ORDERS_TRG,PROMO_CODE,12,VARCHAR,Column,TRUE,40,STRING,22,,,,,,
Db2T2T,DB2INST1,ORDERS_TRG,ORDERS_TRG,REFERENCE_ID,12,VARCHAR,Column,TRUE,64,STRING,44,,,,,,
Db2T2T,DB2INST1,ORDERS_TRG,ORDERS_TRG,RETURN_WINDOW_DAYS,5,SMALLINT,Column,TRUE,5,INTEGER,49,,,,,,
Db2T2T,DB2INST1,ORDERS_TRG,ORDERS_TRG,SHIPPING_ADDR1,12,VARCHAR,Column,TRUE,200,STRING,30,,true,ADDRESS,,,
Db2T2T,DB2INST1,ORDERS_TRG,ORDERS_TRG,SHIPPING_ADDR2,12,VARCHAR,Column,TRUE,200,STRING,31,,true,ADDRESS,,,
Db2T2T,DB2INST1,ORDERS_TRG,ORDERS_TRG,SHIPPING_CITY,12,VARCHAR,Column,TRUE,120,STRING,32,,,,,,
Db2T2T,DB2INST1,ORDERS_TRG,ORDERS_TRG,SHIPPING_COUNTRY,1,CHAR,Column,TRUE,2,STRING,35,,,,,,
Db2T2T,DB2INST1,ORDERS_TRG,ORDERS_TRG,SHIPPING_FEE,3,DECIMAL,Column,TRUE,18,REAL,8,,,,,,
Db2T2T,DB2INST1,ORDERS_TRG,ORDERS_TRG,SHIPPING_POSTAL_CODE,12,VARCHAR,Column,TRUE,20,STRING,34,,true,POSTAL_CODE,,,
Db2T2T,DB2INST1,ORDERS_TRG,ORDERS_TRG,SHIPPING_STATE,12,VARCHAR,Column,TRUE,120,STRING,33,,,,,,
Db2T2T,DB2INST1,ORDERS_TRG,ORDERS_TRG,SSN,12,VARCHAR,Column,TRUE,32,STRING,45,,true,SOCIAL_SECURITY_NUMBER,,,
Db2T2T,DB2INST1,ORDERS_TRG,ORDERS_TRG,STATUS,12,VARCHAR,Column,TRUE,40,STRING,10,,,,,,
Db2T2T,DB2INST1,ORDERS_TRG,ORDERS_TRG,STORE_ID,12,VARCHAR,Column,TRUE,64,STRING,25,,,,,,
Db2T2T,DB2INST1,ORDERS_TRG,ORDERS_TRG,TAX_AMOUNT,3,DECIMAL,Column,TRUE,18,REAL,6,,,,,,
Db2T2T,DB2INST1,ORDERS_TRG,ORDERS_TRG,UPDATED_AT,93,TIMESTAMP,Column,TRUE,26,DATETIME,47,,,,,,
Db2T2T,DB2INST1,ORDERS_TRG,ORDERS_TRG,USER_AGENT,12,VARCHAR,Column,TRUE,400,STRING,20,,,,,,
Db2T2T,DB2INST1,ORDERS_TRG,ORDERS_TRG,VERSION,4,INTEGER,Column,TRUE,10,INTEGER,50,,,,,,
Db2T2T,DB2INST1,ORD_SRC,ORD_SRC,CUSTOMER_ID,4,INTEGER,Column,TRUE,10,INTEGER,2,,,,,,
Db2T2T,DB2INST1,ORD_SRC,ORD_SRC,ORDER_DATE,93,TIMESTAMP,Column,TRUE,26,DATETIME,3,,,,,,
Db2T2T,DB2INST1,ORD_SRC,ORD_SRC,ORDER_DESC,12,VARCHAR,Column,TRUE,30,STRING,4,,,,,,
Db2T2T,DB2INST1,ORD_SRC,ORD_SRC,ORDER_ID,4,INTEGER,Column,FALSE,10,INTEGER,1,true,,,,,
Db2T2T,DB2INST1,ORD_TRG,ORD_TRG,CUSTOMER_ID,4,INTEGER,Column,TRUE,10,INTEGER,2,,,,,,
Db2T2T,DB2INST1,ORD_TRG,ORD_TRG,ORDER_DATE,93,TIMESTAMP,Column,TRUE,26,DATETIME,3,,,,,,
Db2T2T,DB2INST1,ORD_TRG,ORD_TRG,ORDER_DESC,12,VARCHAR,Column,TRUE,30,STRING,4,,,,,,
Db2T2T,DB2INST1,ORD_TRG,ORD_TRG,ORDER_ID,4,INTEGER,Column,FALSE,10,INTEGER,1,,,,,,
Db2T2T,DB2INST1,TEST_TABLE,TEST_TABLE,CUSTOMER_ID,4,INTEGER,Column,FALSE,10,INTEGER,1,true,,,,,
Db2T2T,DB2INST1,TEST_TABLE,TEST_TABLE,FIRST_NAME,12,VARCHAR,Column,TRUE,20,STRING,3,,true,FIRST_NAME,,,
Db2T2T,DB2INST1,TEST_TABLE,TEST_TABLE,LAST_NAME,12,VARCHAR,Column,TRUE,20,STRING,4,,true,LAST_NAME,,,
Db2T2T,DB2INST1,TEST_TABLE,TEST_TABLE,SSN,12,VARCHAR,Column,TRUE,20,STRING,2,,true,SOCIAL_SECURITY_NUMBER,,,
Db2T2T,DB2INST1,TEST_TABLE_SRC,TEST_TABLE_SRC,CUSTOMER_ID,4,INTEGER,Column,FALSE,10,INTEGER,1,true,,,,,
Db2T2T,DB2INST1,TEST_TABLE_SRC,TEST_TABLE_SRC,FIRST_NAME,12,VARCHAR,Column,TRUE,20,STRING,3,,true,FIRST_NAME,,,
Db2T2T,DB2INST1,TEST_TABLE_SRC,TEST_TABLE_SRC,LAST_NAME,12,VARCHAR,Column,TRUE,20,STRING,4,,true,LAST_NAME,,,
Db2T2T,DB2INST1,TEST_TABLE_SRC,TEST_TABLE_SRC,SSN,12,VARCHAR,Column,TRUE,20,STRING,2,,true,SOCIAL_SECURITY_NUMBER,,,
Db2T2T,DB2INST1,TEST_TABLE_TAR,TEST_TABLE_TAR,CUSTOMER_ID,4,INTEGER,Column,FALSE,10,INTEGER,1,true,,,,,
Db2T2T,DB2INST1,TEST_TABLE_TAR,TEST_TABLE_TAR,FIRST_N,12,VARCHAR,Column,TRUE,20,STRING,3,,true,FIRST_NAME,,,
Db2T2T,DB2INST1,TEST_TABLE_TAR,TEST_TABLE_TAR,LAST_N,12,VARCHAR,Column,TRUE,20,STRING,4,,true,LAST_NAME,,,
Db2T2T,DB2INST1,TEST_TABLE_TAR,TEST_TABLE_TAR,SSN,12,VARCHAR,Column,TRUE,20,STRING,2,,true,SOCIAL_SECURITY_NUMBER,,,
Db2T2T,DB2INST1,TEST_TABLE_TAR2,TEST_TABLE_TAR2,CUST_ID,4,INTEGER,Column,FALSE,10,INTEGER,1,true,,,,,
Db2T2T,DB2INST1,TEST_TABLE_TAR2,TEST_TABLE_TAR2,FIRST_N,12,VARCHAR,Column,TRUE,20,STRING,3,,true,FIRST_NAME,,,
Db2T2T,DB2INST1,TEST_TABLE_TAR2,TEST_TABLE_TAR2,LAST_NAME,12,VARCHAR,Column,TRUE,20,STRING,4,,true,LAST_NAME,,,
Db2T2T,DB2INST1,TEST_TABLE_TAR2,TEST_TABLE_TAR2,SSN,12,VARCHAR,Column,TRUE,20,STRING,2,,true,SOCIAL_SECURITY_NUMBER,,,
K2VERIFY_OPERATIONAL_DB,data_assurance,da_entity_summary,da_entity_summary,execution_id,12,varchar,Column,FALSE,200,STRING,1,true,,,,,
K2VERIFY_OPERATIONAL_DB,data_assurance,da_entity_summary,da_entity_summary,iid,12,varchar,Column,FALSE,200,STRING,2,true,,,,,
K2VERIFY_OPERATIONAL_DB,data_assurance,da_entity_summary,da_entity_summary,match_result,12,varchar,Column,TRUE,200,STRING,11,,,,,,
K2VERIFY_OPERATIONAL_DB,data_assurance,da_entity_summary,da_entity_summary,number_of_fields_match,4,int4,Column,TRUE,10,INTEGER,3,,,,,,
K2VERIFY_OPERATIONAL_DB,data_assurance,da_entity_summary,da_entity_summary,number_of_fields_mismatch,4,int4,Column,TRUE,10,INTEGER,4,,,,,,
K2VERIFY_OPERATIONAL_DB,data_assurance,da_entity_summary,da_entity_summary,number_of_fields_only_in_source,4,int4,Column,TRUE,10,INTEGER,5,,,,,,
K2VERIFY_OPERATIONAL_DB,data_assurance,da_entity_summary,da_entity_summary,number_of_fields_only_in_target,4,int4,Column,TRUE,10,INTEGER,6,,,,,,
K2VERIFY_OPERATIONAL_DB,data_assurance,da_entity_summary,da_entity_summary,number_of_fields_unsecured_in_target,4,int4,Column,TRUE,10,INTEGER,7,,,,,,
K2VERIFY_OPERATIONAL_DB,data_assurance,da_entity_summary,da_entity_summary,number_of_records_match,4,int4,Column,TRUE,10,INTEGER,8,,,,,,
K2VERIFY_OPERATIONAL_DB,data_assurance,da_entity_summary,da_entity_summary,number_of_records_mismatch,4,int4,Column,TRUE,10,INTEGER,9,,,,,,
K2VERIFY_OPERATIONAL_DB,data_assurance,da_entity_summary,da_entity_summary,number_of_records_unsecured_in_target,4,int4,Column,TRUE,10,INTEGER,10,,,,,,
K2VERIFY_OPERATIONAL_DB,data_assurance,da_entity_summary,da_entity_summary,update_time,93,timestamp,Column,TRUE,29,DATETIME,12,,,,,,
K2VERIFY_OPERATIONAL_DB,data_assurance,da_execution_summary,da_execution_summary,execution_id,12,varchar,Column,TRUE,200,STRING,1,,,,,,
K2VERIFY_OPERATIONAL_DB,data_assurance,da_execution_summary,da_execution_summary,match_rate,2,numeric,Column,TRUE,0,REAL,5,,,,,,
K2VERIFY_OPERATIONAL_DB,data_assurance,da_execution_summary,da_execution_summary,total_number_of_entities,-5,int8,Column,TRUE,19,INTEGER,2,,,,,,
K2VERIFY_OPERATIONAL_DB,data_assurance,da_execution_summary,da_execution_summary,total_number_of_matches,-5,int8,Column,TRUE,19,INTEGER,3,,,,,,
K2VERIFY_OPERATIONAL_DB,data_assurance,da_execution_summary,da_execution_summary,total_number_of_mismatches,-5,int8,Column,TRUE,19,INTEGER,4,,,,,,
K2VERIFY_OPERATIONAL_DB,data_assurance,da_execution_tables_summary,da_execution_tables_summary,execution_id,12,text,Column,TRUE,2147483647,STRING,1,,,,,,
K2VERIFY_OPERATIONAL_DB,data_assurance,da_execution_tables_summary,da_execution_tables_summary,match_result,12,text,Column,TRUE,2147483647,STRING,7,,,,,,
K2VERIFY_OPERATIONAL_DB,data_assurance,da_execution_tables_summary,da_execution_tables_summary,records_in_source,-5,int8,Column,TRUE,19,INTEGER,5,,,,,,
K2VERIFY_OPERATIONAL_DB,data_assurance,da_execution_tables_summary,da_execution_tables_summary,records_in_target,-5,int8,Column,TRUE,19,INTEGER,6,,,,,,
K2VERIFY_OPERATIONAL_DB,data_assurance,da_execution_tables_summary,da_execution_tables_summary,records_match,-5,int8,Column,TRUE,19,INTEGER,3,,,,,,
K2VERIFY_OPERATIONAL_DB,data_assurance,da_execution_tables_summary,da_execution_tables_summary,records_mismatch,-5,int8,Column,TRUE,19,INTEGER,4,,,,,,
K2VERIFY_OPERATIONAL_DB,data_assurance,da_execution_tables_summary,da_execution_tables_summary,source_table_name,12,text,Column,TRUE,2147483647,STRING,2,,true,NAME,,,
K2VERIFY_OPERATIONAL_DB,data_assurance,da_field_summary,da_field_summary,bw_transformation_flow,-7,bool,Column,TRUE,1,INTEGER,13,,,,,,
K2VERIFY_OPERATIONAL_DB,data_assurance,da_field_summary,da_field_summary,column_name,12,varchar,Column,FALSE,200,STRING,6,true,true,NAME,,,
K2VERIFY_OPERATIONAL_DB,data_assurance,da_field_summary,da_field_summary,customized_key,12,varchar,Column,FALSE,1000,STRING,5,true,,,,,
K2VERIFY_OPERATIONAL_DB,data_assurance,da_field_summary,da_field_summary,default_value,-7,bool,Column,TRUE,1,INTEGER,16,,,,,,
K2VERIFY_OPERATIONAL_DB,data_assurance,da_field_summary,da_field_summary,execution_id,12,varchar,Column,FALSE,200,STRING,1,true,,,,,
K2VERIFY_OPERATIONAL_DB,data_assurance,da_field_summary,da_field_summary,iid,12,varchar,Column,FALSE,200,STRING,2,true,,,,,
K2VERIFY_OPERATIONAL_DB,data_assurance,da_field_summary,da_field_summary,lookup,-7,bool,Column,TRUE,1,INTEGER,15,,,,,,
K2VERIFY_OPERATIONAL_DB,data_assurance,da_field_summary,da_field_summary,match_result,12,varchar,Column,TRUE,50,STRING,7,,,,,,
K2VERIFY_OPERATIONAL_DB,data_assurance,da_field_summary,da_field_summary,null_compare,-7,bool,Column,TRUE,1,INTEGER,14,,,,,,
K2VERIFY_OPERATIONAL_DB,data_assurance,da_field_summary,da_field_summary,source_column_value,12,varchar,Column,TRUE,1000,STRING,9,,,,,,
K2VERIFY_OPERATIONAL_DB,data_assurance,da_field_summary,da_field_summary,source_column_value_trans,12,varchar,Column,TRUE,1000,STRING,11,,,,,,
K2VERIFY_OPERATIONAL_DB,data_assurance,da_field_summary,da_field_summary,source_table_name,12,varchar,Column,FALSE,200,STRING,3,true,true,NAME,,,
K2VERIFY_OPERATIONAL_DB,data_assurance,da_field_summary,da_field_summary,target_column_value,12,varchar,Column,TRUE,1000,STRING,10,,,,,,
K2VERIFY_OPERATIONAL_DB,data_assurance,da_field_summary,da_field_summary,target_column_value_trans,12,varchar,Column,TRUE,1000,STRING,12,,,,,,
K2VERIFY_OPERATIONAL_DB,data_assurance,da_field_summary,da_field_summary,target_table_name,12,varchar,Column,FALSE,200,STRING,4,true,true,NAME,,,
K2VERIFY_OPERATIONAL_DB,data_assurance,da_field_summary,da_field_summary,target_value_secured,12,varchar,Column,TRUE,50,STRING,8,,,,,,
K2VERIFY_OPERATIONAL_DB,data_assurance,da_record_summary,da_record_summary,customized_key,12,varchar,Column,FALSE,1000,STRING,5,true,,,,,
K2VERIFY_OPERATIONAL_DB,data_assurance,da_record_summary,da_record_summary,execution_id,12,varchar,Column,FALSE,200,STRING,1,true,,,,,
K2VERIFY_OPERATIONAL_DB,data_assurance,da_record_summary,da_record_summary,iid,12,varchar,Column,FALSE,200,STRING,2,true,,,,,
K2VERIFY_OPERATIONAL_DB,data_assurance,da_record_summary,da_record_summary,match_result,12,varchar,Column,TRUE,200,STRING,11,,,,,,
K2VERIFY_OPERATIONAL_DB,data_assurance,da_record_summary,da_record_summary,number_of_fields_match,4,int4,Column,TRUE,10,INTEGER,6,,,,,,
K2VERIFY_OPERATIONAL_DB,data_assurance,da_record_summary,da_record_summary,number_of_fields_mismatch,4,int4,Column,TRUE,10,INTEGER,7,,,,,,
K2VERIFY_OPERATIONAL_DB,data_assurance,da_record_summary,da_record_summary,number_of_fields_only_in_source,4,int4,Column,TRUE,10,INTEGER,8,,,,,,
K2VERIFY_OPERATIONAL_DB,data_assurance,da_record_summary,da_record_summary,number_of_fields_only_in_target,4,int4,Column,TRUE,10,INTEGER,9,,,,,,
K2VERIFY_OPERATIONAL_DB,data_assurance,da_record_summary,da_record_summary,number_of_fields_unsecured_in_target,4,int4,Column,TRUE,10,INTEGER,10,,,,,,
K2VERIFY_OPERATIONAL_DB,data_assurance,da_record_summary,da_record_summary,source_table_name,12,varchar,Column,FALSE,200,STRING,3,true,true,NAME,,,
K2VERIFY_OPERATIONAL_DB,data_assurance,da_record_summary,da_record_summary,target_table_name,12,varchar,Column,FALSE,200,STRING,4,true,true,NAME,,,
K2VERIFY_OPERATIONAL_DB,data_assurance,da_table_summary,da_table_summary,execution_id,12,text,Column,FALSE,2147483647,STRING,1,true,,,,,
K2VERIFY_OPERATIONAL_DB,data_assurance,da_table_summary,da_table_summary,iid,12,text,Column,FALSE,2147483647,STRING,2,true,,,,,
K2VERIFY_OPERATIONAL_DB,data_assurance,da_table_summary,da_table_summary,match_result,12,text,Column,TRUE,2147483647,STRING,10,,,,,,
K2VERIFY_OPERATIONAL_DB,data_assurance,da_table_summary,da_table_summary,number_of_records_match,4,int4,Column,TRUE,10,INTEGER,5,,,,,,
K2VERIFY_OPERATIONAL_DB,data_assurance,da_table_summary,da_table_summary,number_of_records_mismatch,4,int4,Column,TRUE,10,INTEGER,6,,,,,,
K2VERIFY_OPERATIONAL_DB,data_assurance,da_table_summary,da_table_summary,number_of_records_only_in_source,4,int4,Column,TRUE,10,INTEGER,7,,,,,,
K2VERIFY_OPERATIONAL_DB,data_assurance,da_table_summary,da_table_summary,number_of_records_only_in_target,4,int4,Column,TRUE,10,INTEGER,8,,,,,,
K2VERIFY_OPERATIONAL_DB,data_assurance,da_table_summary,da_table_summary,number_of_records_unsecured_in_target,4,int4,Column,TRUE,10,INTEGER,9,,,,,,
K2VERIFY_OPERATIONAL_DB,data_assurance,da_table_summary,da_table_summary,source_table_name,12,text,Column,FALSE,2147483647,STRING,3,true,true,NAME,,,
K2VERIFY_OPERATIONAL_DB,data_assurance,da_table_summary,da_table_summary,target_table_name,12,text,Column,FALSE,2147483647,STRING,4,true,true,NAME,,,
K2VERIFY_OPERATIONAL_DB,data_assurance,task_execution,task_execution,end_time,93,timestamp,Column,TRUE,29,DATETIME,6,,,,,,
K2VERIFY_OPERATIONAL_DB,data_assurance,task_execution,task_execution,execution_id,-5,bigserial,Column,FALSE,19,INTEGER,1,true,,,,,
K2VERIFY_OPERATIONAL_DB,data_assurance,task_execution,task_execution,execution_status,12,text,Column,TRUE,2147483647,STRING,3,,,,,,
K2VERIFY_OPERATIONAL_DB,data_assurance,task_execution,task_execution,start_time,93,timestamp,Column,TRUE,29,DATETIME,4,,,,,,
K2VERIFY_OPERATIONAL_DB,data_assurance,task_execution,task_execution,started_by,12,text,Column,TRUE,2147483647,STRING,5,,,,,,
K2VERIFY_OPERATIONAL_DB,data_assurance,task_execution,task_execution,task_id,-5,int8,Column,FALSE,19,INTEGER,2,true,,,,,
K2VERIFY_OPERATIONAL_DB,data_assurance,task_execution_buckets,task_execution_buckets,bucket_id,-5,int8,Column,FALSE,19,INTEGER,4,true,,,,,
K2VERIFY_OPERATIONAL_DB,data_assurance,task_execution_buckets,task_execution_buckets,end_time,93,timestamp,Column,TRUE,29,DATETIME,10,,,,,,
K2VERIFY_OPERATIONAL_DB,data_assurance,task_execution_buckets,task_execution_buckets,error_info,12,text,Column,TRUE,2147483647,STRING,11,,,,,,
K2VERIFY_OPERATIONAL_DB,data_assurance,task_execution_buckets,task_execution_buckets,execution_id,-5,int8,Column,FALSE,19,INTEGER,2,true,,,,,
K2VERIFY_OPERATIONAL_DB,data_assurance,task_execution_buckets,task_execution_buckets,failed_records,2,numeric,Column,TRUE,20,REAL,8,,,,,,
K2VERIFY_OPERATIONAL_DB,data_assurance,task_execution_buckets,task_execution_buckets,processed_records,2,numeric,Column,TRUE,20,REAL,7,,,,,,
K2VERIFY_OPERATIONAL_DB,data_assurance,task_execution_buckets,task_execution_buckets,start_time,93,timestamp,Column,TRUE,29,DATETIME,9,,,,,,
K2VERIFY_OPERATIONAL_DB,data_assurance,task_execution_buckets,task_execution_buckets,status,12,text,Column,TRUE,2147483647,STRING,5,,,,,,
K2VERIFY_OPERATIONAL_DB,data_assurance,task_execution_buckets,task_execution_buckets,table_name,12,text,Column,FALSE,2147483647,STRING,3,true,true,NAME,,,
K2VERIFY_OPERATIONAL_DB,data_assurance,task_execution_buckets,task_execution_buckets,task_id,-5,int8,Column,FALSE,19,INTEGER,1,true,,,,,
K2VERIFY_OPERATIONAL_DB,data_assurance,task_execution_buckets,task_execution_buckets,total_records,2,numeric,Column,TRUE,20,REAL,6,,,,,,
K2VERIFY_OPERATIONAL_DB,data_assurance,task_execution_tables,task_execution_tables,batch_id,12,text,Column,TRUE,2147483647,STRING,4,,,,,,
K2VERIFY_OPERATIONAL_DB,data_assurance,task_execution_tables,task_execution_tables,end_time,93,timestamp,Column,TRUE,29,DATETIME,7,,,,,,
K2VERIFY_OPERATIONAL_DB,data_assurance,task_execution_tables,task_execution_tables,execution_id,-5,int8,Column,FALSE,19,INTEGER,2,true,,,,,
K2VERIFY_OPERATIONAL_DB,data_assurance,task_execution_tables,task_execution_tables,start_time,93,timestamp,Column,TRUE,29,DATETIME,6,,,,,,
K2VERIFY_OPERATIONAL_DB,data_assurance,task_execution_tables,task_execution_tables,status,12,text,Column,TRUE,2147483647,STRING,5,,,,,,
K2VERIFY_OPERATIONAL_DB,data_assurance,task_execution_tables,task_execution_tables,table_name,12,text,Column,FALSE,2147483647,STRING,3,true,true,NAME,,,
K2VERIFY_OPERATIONAL_DB,data_assurance,task_execution_tables,task_execution_tables,task_id,-5,int8,Column,FALSE,19,INTEGER,1,true,,,,,
K2VERIFY_OPERATIONAL_DB,data_assurance,tasks,PropertiesClass,D2D_INTERFACE_SRC,,,,,,STRING,,,,,,,
K2VERIFY_OPERATIONAL_DB,data_assurance,tasks,PropertiesClass,D2D_INTERFACE_TAR,,,,,,STRING,,,,,,,
K2VERIFY_OPERATIONAL_DB,data_assurance,tasks,PropertiesClass,D2D_SCHEMA_SRC,,,,,,STRING,,,,,,,
K2VERIFY_OPERATIONAL_DB,data_assurance,tasks,PropertiesClass,D2D_SCHEMA_TAR,,,,,,STRING,,,,,,,
K2VERIFY_OPERATIONAL_DB,data_assurance,tasks,PropertiesClass,D2D_TABLE_LIST,,,,,,Collection(PropertiesClass;D2d_table_listClass),,,,,,,
K2VERIFY_OPERATIONAL_DB,data_assurance,tasks,PropertiesClass,D2D_TASK_DESCRIPTION,,,,,,STRING,,,,,,,
K2VERIFY_OPERATIONAL_DB,data_assurance,tasks,PropertiesClass,D2D_TASK_TITLE,,,,,,STRING,,,,,,,
K2VERIFY_OPERATIONAL_DB,data_assurance,tasks,PropertiesClass,maxWorkersPerNode,,,,,,UNKNOWN,,,,,,,
K2VERIFY_OPERATIONAL_DB,data_assurance,tasks,PropertiesClass;D2d_table_listClass,src,,,,,,STRING,,,,,,,
K2VERIFY_OPERATIONAL_DB,data_assurance,tasks,PropertiesClass;D2d_table_listClass,tar,,,,,,STRING,,,,,,,
K2VERIFY_OPERATIONAL_DB,data_assurance,tasks,tasks,created_at,93,timestamp,Column,FALSE,29,DATETIME,9,,,,,,
K2VERIFY_OPERATIONAL_DB,data_assurance,tasks,tasks,created_by,12,text,Column,TRUE,2147483647,STRING,8,,,,,,
K2VERIFY_OPERATIONAL_DB,data_assurance,tasks,tasks,properties,12,text,Column,TRUE,2147483647,PropertiesClass,5,,,,JSON,,
K2VERIFY_OPERATIONAL_DB,data_assurance,tasks,tasks,source_interface,12,text,Column,TRUE,2147483647,STRING,6,,,,,,
K2VERIFY_OPERATIONAL_DB,data_assurance,tasks,tasks,target_interface,12,text,Column,TRUE,2147483647,STRING,7,,,,,,
K2VERIFY_OPERATIONAL_DB,data_assurance,tasks,tasks,task_description,12,text,Column,TRUE,2147483647,STRING,3,,,,,,
K2VERIFY_OPERATIONAL_DB,data_assurance,tasks,tasks,task_id,-5,bigserial,Column,FALSE,19,INTEGER,1,true,,,,,
K2VERIFY_OPERATIONAL_DB,data_assurance,tasks,tasks,task_status,12,text,Column,FALSE,2147483647,STRING,4,,,,,,
K2VERIFY_OPERATIONAL_DB,data_assurance,tasks,tasks,task_title,12,text,Column,FALSE,2147483647,STRING,2,,,,,,
K2VERIFY_OPERATIONAL_DB,data_assurance,tasks,tasks,updated_at,93,timestamp,Column,TRUE,29,DATETIME,11,,,,,,
K2VERIFY_OPERATIONAL_DB,data_assurance,tasks,tasks,updated_by,12,text,Column,TRUE,2147483647,STRING,10,,,,,,
K2VERIFY_OPERATIONAL_DB,k2verify,k2verify_entity_summary,k2verify_entity_summary,execution_id,12,varchar,Column,FALSE,200,STRING,1,true,,,,,
K2VERIFY_OPERATIONAL_DB,k2verify,k2verify_entity_summary,k2verify_entity_summary,iid,12,varchar,Column,FALSE,200,STRING,2,true,,,,,
K2VERIFY_OPERATIONAL_DB,k2verify,k2verify_entity_summary,k2verify_entity_summary,match_result,12,varchar,Column,TRUE,200,STRING,11,,,,,,
K2VERIFY_OPERATIONAL_DB,k2verify,k2verify_entity_summary,k2verify_entity_summary,number_of_fields_match,4,int4,Column,TRUE,10,INTEGER,3,,,,,,
K2VERIFY_OPERATIONAL_DB,k2verify,k2verify_entity_summary,k2verify_entity_summary,number_of_fields_mismatch,4,int4,Column,TRUE,10,INTEGER,4,,,,,,
K2VERIFY_OPERATIONAL_DB,k2verify,k2verify_entity_summary,k2verify_entity_summary,number_of_fields_only_in_source,4,int4,Column,TRUE,10,INTEGER,5,,,,,,
K2VERIFY_OPERATIONAL_DB,k2verify,k2verify_entity_summary,k2verify_entity_summary,number_of_fields_only_in_target,4,int4,Column,TRUE,10,INTEGER,6,,,,,,
K2VERIFY_OPERATIONAL_DB,k2verify,k2verify_entity_summary,k2verify_entity_summary,number_of_fields_unsecured_in_target,4,int4,Column,TRUE,10,INTEGER,7,,,,,,
K2VERIFY_OPERATIONAL_DB,k2verify,k2verify_entity_summary,k2verify_entity_summary,number_of_records_match,4,int4,Column,TRUE,10,INTEGER,8,,,,,,
K2VERIFY_OPERATIONAL_DB,k2verify,k2verify_entity_summary,k2verify_entity_summary,number_of_records_mismatch,4,int4,Column,TRUE,10,INTEGER,9,,,,,,
K2VERIFY_OPERATIONAL_DB,k2verify,k2verify_entity_summary,k2verify_entity_summary,number_of_records_unsecured_in_target,4,int4,Column,TRUE,10,INTEGER,10,,,,,,
K2VERIFY_OPERATIONAL_DB,k2verify,k2verify_entity_summary,k2verify_entity_summary,update_time,93,timestamp,Column,TRUE,29,DATETIME,12,,,,,,
K2VERIFY_OPERATIONAL_DB,k2verify,k2verify_execution_summary,k2verify_execution_summary,execution_id,12,varchar,Column,TRUE,200,STRING,1,,,,,,
K2VERIFY_OPERATIONAL_DB,k2verify,k2verify_execution_summary,k2verify_execution_summary,match_rate,2,numeric,Column,TRUE,0,REAL,5,,,,,,
K2VERIFY_OPERATIONAL_DB,k2verify,k2verify_execution_summary,k2verify_execution_summary,total_number_of_entities,-5,int8,Column,TRUE,19,INTEGER,2,,,,,,
K2VERIFY_OPERATIONAL_DB,k2verify,k2verify_execution_summary,k2verify_execution_summary,total_number_of_matches,-5,int8,Column,TRUE,19,INTEGER,3,,,,,,
K2VERIFY_OPERATIONAL_DB,k2verify,k2verify_execution_summary,k2verify_execution_summary,total_number_of_mismatches,-5,int8,Column,TRUE,19,INTEGER,4,,,,,,
K2VERIFY_OPERATIONAL_DB,k2verify,k2verify_execution_tables_summary,k2verify_execution_tables_summary,execution_id,12,text,Column,TRUE,2147483647,STRING,1,,,,,,
K2VERIFY_OPERATIONAL_DB,k2verify,k2verify_execution_tables_summary,k2verify_execution_tables_summary,match_result,12,text,Column,TRUE,2147483647,STRING,7,,,,,,
K2VERIFY_OPERATIONAL_DB,k2verify,k2verify_execution_tables_summary,k2verify_execution_tables_summary,records_in_source,-5,int8,Column,TRUE,19,INTEGER,5,,,,,,
K2VERIFY_OPERATIONAL_DB,k2verify,k2verify_execution_tables_summary,k2verify_execution_tables_summary,records_in_target,-5,int8,Column,TRUE,19,INTEGER,6,,,,,,
K2VERIFY_OPERATIONAL_DB,k2verify,k2verify_execution_tables_summary,k2verify_execution_tables_summary,records_match,-5,int8,Column,TRUE,19,INTEGER,3,,,,,,
K2VERIFY_OPERATIONAL_DB,k2verify,k2verify_execution_tables_summary,k2verify_execution_tables_summary,records_mismatch,-5,int8,Column,TRUE,19,INTEGER,4,,,,,,
K2VERIFY_OPERATIONAL_DB,k2verify,k2verify_execution_tables_summary,k2verify_execution_tables_summary,source_table_name,12,text,Column,TRUE,2147483647,STRING,2,,true,NAME,,,
K2VERIFY_OPERATIONAL_DB,k2verify,k2verify_field_summary,k2verify_field_summary,bw_transformation_flow,-7,bool,Column,TRUE,1,INTEGER,13,,,,,,
K2VERIFY_OPERATIONAL_DB,k2verify,k2verify_field_summary,k2verify_field_summary,column_name,12,varchar,Column,FALSE,200,STRING,6,true,true,NAME,,,
K2VERIFY_OPERATIONAL_DB,k2verify,k2verify_field_summary,k2verify_field_summary,customized_key,12,varchar,Column,FALSE,1000,STRING,5,true,,,,,
K2VERIFY_OPERATIONAL_DB,k2verify,k2verify_field_summary,k2verify_field_summary,default_value,-7,bool,Column,TRUE,1,INTEGER,16,,,,,,
K2VERIFY_OPERATIONAL_DB,k2verify,k2verify_field_summary,k2verify_field_summary,execution_id,12,varchar,Column,FALSE,200,STRING,1,true,,,,,
K2VERIFY_OPERATIONAL_DB,k2verify,k2verify_field_summary,k2verify_field_summary,iid,12,varchar,Column,FALSE,200,STRING,2,true,,,,,
K2VERIFY_OPERATIONAL_DB,k2verify,k2verify_field_summary,k2verify_field_summary,lookup,-7,bool,Column,TRUE,1,INTEGER,15,,,,,,
K2VERIFY_OPERATIONAL_DB,k2verify,k2verify_field_summary,k2verify_field_summary,match_result,12,varchar,Column,TRUE,50,STRING,7,,,,,,
K2VERIFY_OPERATIONAL_DB,k2verify,k2verify_field_summary,k2verify_field_summary,null_compare,-7,bool,Column,TRUE,1,INTEGER,14,,,,,,
K2VERIFY_OPERATIONAL_DB,k2verify,k2verify_field_summary,k2verify_field_summary,source_column_value,12,varchar,Column,TRUE,1000,STRING,9,,,,,,
K2VERIFY_OPERATIONAL_DB,k2verify,k2verify_field_summary,k2verify_field_summary,source_column_value_trans,12,varchar,Column,TRUE,1000,STRING,11,,,,,,
K2VERIFY_OPERATIONAL_DB,k2verify,k2verify_field_summary,k2verify_field_summary,source_table_name,12,varchar,Column,FALSE,200,STRING,3,true,true,NAME,,,
K2VERIFY_OPERATIONAL_DB,k2verify,k2verify_field_summary,k2verify_field_summary,target_column_value,12,varchar,Column,TRUE,1000,STRING,10,,,,,,
K2VERIFY_OPERATIONAL_DB,k2verify,k2verify_field_summary,k2verify_field_summary,target_column_value_trans,12,varchar,Column,TRUE,1000,STRING,12,,,,,,
K2VERIFY_OPERATIONAL_DB,k2verify,k2verify_field_summary,k2verify_field_summary,target_table_name,12,varchar,Column,FALSE,200,STRING,4,true,true,NAME,,,
K2VERIFY_OPERATIONAL_DB,k2verify,k2verify_field_summary,k2verify_field_summary,target_value_secured,12,varchar,Column,TRUE,50,STRING,8,,,,,,
K2VERIFY_OPERATIONAL_DB,k2verify,k2verify_record_summary,k2verify_record_summary,customized_key,12,varchar,Column,FALSE,1000,STRING,5,true,,,,,
K2VERIFY_OPERATIONAL_DB,k2verify,k2verify_record_summary,k2verify_record_summary,execution_id,12,varchar,Column,FALSE,200,STRING,1,true,,,,,
K2VERIFY_OPERATIONAL_DB,k2verify,k2verify_record_summary,k2verify_record_summary,iid,12,varchar,Column,FALSE,200,STRING,2,true,,,,,
K2VERIFY_OPERATIONAL_DB,k2verify,k2verify_record_summary,k2verify_record_summary,match_result,12,varchar,Column,TRUE,200,STRING,11,,,,,,
K2VERIFY_OPERATIONAL_DB,k2verify,k2verify_record_summary,k2verify_record_summary,number_of_fields_match,4,int4,Column,TRUE,10,INTEGER,6,,,,,,
K2VERIFY_OPERATIONAL_DB,k2verify,k2verify_record_summary,k2verify_record_summary,number_of_fields_mismatch,4,int4,Column,TRUE,10,INTEGER,7,,,,,,
K2VERIFY_OPERATIONAL_DB,k2verify,k2verify_record_summary,k2verify_record_summary,number_of_fields_only_in_source,4,int4,Column,TRUE,10,INTEGER,8,,,,,,
K2VERIFY_OPERATIONAL_DB,k2verify,k2verify_record_summary,k2verify_record_summary,number_of_fields_only_in_target,4,int4,Column,TRUE,10,INTEGER,9,,,,,,
K2VERIFY_OPERATIONAL_DB,k2verify,k2verify_record_summary,k2verify_record_summary,number_of_fields_unsecured_in_target,4,int4,Column,TRUE,10,INTEGER,10,,,,,,
K2VERIFY_OPERATIONAL_DB,k2verify,k2verify_record_summary,k2verify_record_summary,source_table_name,12,varchar,Column,FALSE,200,STRING,3,true,true,NAME,,,
K2VERIFY_OPERATIONAL_DB,k2verify,k2verify_record_summary,k2verify_record_summary,target_table_name,12,varchar,Column,FALSE,200,STRING,4,true,true,NAME,,,
K2VERIFY_OPERATIONAL_DB,k2verify,k2verify_table_summary,k2verify_table_summary,execution_id,12,text,Column,FALSE,2147483647,STRING,1,true,,,,,
K2VERIFY_OPERATIONAL_DB,k2verify,k2verify_table_summary,k2verify_table_summary,iid,12,text,Column,FALSE,2147483647,STRING,2,true,,,,,
K2VERIFY_OPERATIONAL_DB,k2verify,k2verify_table_summary,k2verify_table_summary,match_result,12,text,Column,TRUE,2147483647,STRING,10,,,,,,
K2VERIFY_OPERATIONAL_DB,k2verify,k2verify_table_summary,k2verify_table_summary,number_of_records_match,4,int4,Column,TRUE,10,INTEGER,5,,,,,,
K2VERIFY_OPERATIONAL_DB,k2verify,k2verify_table_summary,k2verify_table_summary,number_of_records_mismatch,4,int4,Column,TRUE,10,INTEGER,6,,,,,,
K2VERIFY_OPERATIONAL_DB,k2verify,k2verify_table_summary,k2verify_table_summary,number_of_records_only_in_source,4,int4,Column,TRUE,10,INTEGER,7,,,,,,
K2VERIFY_OPERATIONAL_DB,k2verify,k2verify_table_summary,k2verify_table_summary,number_of_records_only_in_target,4,int4,Column,TRUE,10,INTEGER,8,,,,,,
K2VERIFY_OPERATIONAL_DB,k2verify,k2verify_table_summary,k2verify_table_summary,number_of_records_unsecured_in_target,4,int4,Column,TRUE,10,INTEGER,9,,,,,,
K2VERIFY_OPERATIONAL_DB,k2verify,k2verify_table_summary,k2verify_table_summary,source_table_name,12,text,Column,FALSE,2147483647,STRING,3,true,true,NAME,,,
K2VERIFY_OPERATIONAL_DB,k2verify,k2verify_table_summary,k2verify_table_summary,target_table_name,12,text,Column,FALSE,2147483647,STRING,4,true,true,NAME,,,
K2VERIFY_OPERATIONAL_DB,k2verify,keys_table,keys_table,group_id,12,text,Column,TRUE,2147483647,STRING,1,,,,,,
K2VERIFY_OPERATIONAL_DB,k2verify,keys_table,keys_table,org_key,12,text,Column,FALSE,2147483647,STRING,2,true,,,,,
K2VERIFY_OPERATIONAL_DB,k2verify,task_execution,task_execution,end_time,93,timestamp,Column,TRUE,29,DATETIME,6,,,,,,
K2VERIFY_OPERATIONAL_DB,k2verify,task_execution,task_execution,execution_id,-5,bigserial,Column,FALSE,19,INTEGER,1,true,,,,,
K2VERIFY_OPERATIONAL_DB,k2verify,task_execution,task_execution,execution_status,12,text,Column,TRUE,2147483647,STRING,3,,,,,,
K2VERIFY_OPERATIONAL_DB,k2verify,task_execution,task_execution,start_time,93,timestamp,Column,TRUE,29,DATETIME,4,,,,,,
K2VERIFY_OPERATIONAL_DB,k2verify,task_execution,task_execution,started_by,12,text,Column,TRUE,2147483647,STRING,5,,,,,,
K2VERIFY_OPERATIONAL_DB,k2verify,task_execution,task_execution,task_id,-5,int8,Column,FALSE,19,INTEGER,2,true,,,,,
K2VERIFY_OPERATIONAL_DB,k2verify,task_execution_buckets,task_execution_buckets,bucket_id,-5,int8,Column,FALSE,19,INTEGER,4,true,,,,,
K2VERIFY_OPERATIONAL_DB,k2verify,task_execution_buckets,task_execution_buckets,end_time,93,timestamp,Column,TRUE,29,DATETIME,10,,,,,,
K2VERIFY_OPERATIONAL_DB,k2verify,task_execution_buckets,task_execution_buckets,error_info,12,text,Column,TRUE,2147483647,STRING,11,,,,,,
K2VERIFY_OPERATIONAL_DB,k2verify,task_execution_buckets,task_execution_buckets,execution_id,-5,int8,Column,FALSE,19,INTEGER,2,true,,,,,
K2VERIFY_OPERATIONAL_DB,k2verify,task_execution_buckets,task_execution_buckets,failed_records,2,numeric,Column,TRUE,20,REAL,8,,,,,,
K2VERIFY_OPERATIONAL_DB,k2verify,task_execution_buckets,task_execution_buckets,processed_records,2,numeric,Column,TRUE,20,REAL,7,,,,,,
K2VERIFY_OPERATIONAL_DB,k2verify,task_execution_buckets,task_execution_buckets,start_time,93,timestamp,Column,TRUE,29,DATETIME,9,,,,,,
K2VERIFY_OPERATIONAL_DB,k2verify,task_execution_buckets,task_execution_buckets,status,12,text,Column,TRUE,2147483647,STRING,5,,,,,,
K2VERIFY_OPERATIONAL_DB,k2verify,task_execution_buckets,task_execution_buckets,table_name,12,text,Column,FALSE,2147483647,STRING,3,true,true,NAME,,,
K2VERIFY_OPERATIONAL_DB,k2verify,task_execution_buckets,task_execution_buckets,task_id,-5,int8,Column,FALSE,19,INTEGER,1,true,,,,,
K2VERIFY_OPERATIONAL_DB,k2verify,task_execution_buckets,task_execution_buckets,total_records,2,numeric,Column,TRUE,20,REAL,6,,,,,,
K2VERIFY_OPERATIONAL_DB,k2verify,task_execution_tables,task_execution_tables,batch_id,12,text,Column,TRUE,2147483647,STRING,4,,,,,,
K2VERIFY_OPERATIONAL_DB,k2verify,task_execution_tables,task_execution_tables,bucket_count,4,int4,Column,TRUE,10,INTEGER,5,,,,,,
K2VERIFY_OPERATIONAL_DB,k2verify,task_execution_tables,task_execution_tables,end_time,93,timestamp,Column,TRUE,29,DATETIME,8,,,,,,
K2VERIFY_OPERATIONAL_DB,k2verify,task_execution_tables,task_execution_tables,execution_id,-5,int8,Column,FALSE,19,INTEGER,2,true,,,,,
K2VERIFY_OPERATIONAL_DB,k2verify,task_execution_tables,task_execution_tables,start_time,93,timestamp,Column,TRUE,29,DATETIME,7,,,,,,
K2VERIFY_OPERATIONAL_DB,k2verify,task_execution_tables,task_execution_tables,status,12,text,Column,TRUE,2147483647,STRING,6,,,,,,
K2VERIFY_OPERATIONAL_DB,k2verify,task_execution_tables,task_execution_tables,table_name,12,text,Column,FALSE,2147483647,STRING,3,true,true,NAME,,,
K2VERIFY_OPERATIONAL_DB,k2verify,task_execution_tables,task_execution_tables,task_id,-5,int8,Column,FALSE,19,INTEGER,1,true,,,,,
K2VERIFY_OPERATIONAL_DB,k2verify,tasks,PropertiesClass,K2VERIFY_INTERFACE_SRC,,,,,,STRING,,,,,,,
K2VERIFY_OPERATIONAL_DB,k2verify,tasks,PropertiesClass,K2VERIFY_INTERFACE_TAR,,,,,,STRING,,,,,,,
K2VERIFY_OPERATIONAL_DB,k2verify,tasks,PropertiesClass,K2VERIFY_LOGPASS,,,,,,BOOLEAN,,,,,,,
K2VERIFY_OPERATIONAL_DB,k2verify,tasks,PropertiesClass,K2VERIFY_MAXWORKERSPERNODE,,,,,,UNKNOWN,,,,,,,
K2VERIFY_OPERATIONAL_DB,k2verify,tasks,PropertiesClass,K2VERIFY_PII_ONLY_COMPARISON,,,,,,BOOLEAN,,,,,,,
K2VERIFY_OPERATIONAL_DB,k2verify,tasks,PropertiesClass,K2VERIFY_SCHEMA_SRC,,,,,,STRING,,,,,,,
K2VERIFY_OPERATIONAL_DB,k2verify,tasks,PropertiesClass,K2VERIFY_SCHEMA_TAR,,,,,,STRING,,,,,,,
K2VERIFY_OPERATIONAL_DB,k2verify,tasks,PropertiesClass,K2VERIFY_TABLE_LIST,,,,,,Collection(PropertiesClass;K2verify_table_listClass),,,,,,,
K2VERIFY_OPERATIONAL_DB,k2verify,tasks,PropertiesClass,K2VERIFY_TASK_DESCRIPTION,,,,,,STRING,,,,,,,
K2VERIFY_OPERATIONAL_DB,k2verify,tasks,PropertiesClass,K2VERIFY_TASK_TITLE,,,,,,STRING,,,,,,,
K2VERIFY_OPERATIONAL_DB,k2verify,tasks,PropertiesClass;K2verify_table_listClass,src,,,,,,STRING,,,,,,,
K2VERIFY_OPERATIONAL_DB,k2verify,tasks,PropertiesClass;K2verify_table_listClass,tar,,,,,,STRING,,,,,,,
K2VERIFY_OPERATIONAL_DB,k2verify,tasks,tasks,created_at,93,timestamp,Column,FALSE,29,DATETIME,9,,,,,,
K2VERIFY_OPERATIONAL_DB,k2verify,tasks,tasks,created_by,12,text,Column,TRUE,2147483647,STRING,8,,,,,,
K2VERIFY_OPERATIONAL_DB,k2verify,tasks,tasks,properties,12,text,Column,TRUE,2147483647,PropertiesClass,5,,,,JSON,,
K2VERIFY_OPERATIONAL_DB,k2verify,tasks,tasks,source_interface,12,text,Column,TRUE,2147483647,STRING,6,,,,,,
K2VERIFY_OPERATIONAL_DB,k2verify,tasks,tasks,target_interface,12,text,Column,TRUE,2147483647,STRING,7,,,,,,
K2VERIFY_OPERATIONAL_DB,k2verify,tasks,tasks,task_description,12,text,Column,TRUE,2147483647,STRING,3,,,,,,
K2VERIFY_OPERATIONAL_DB,k2verify,tasks,tasks,task_id,-5,bigserial,Column,FALSE,19,INTEGER,1,true,,,,,
K2VERIFY_OPERATIONAL_DB,k2verify,tasks,tasks,task_status,12,text,Column,FALSE,2147483647,STRING,4,,,,,,
K2VERIFY_OPERATIONAL_DB,k2verify,tasks,tasks,task_title,12,text,Column,FALSE,2147483647,STRING,2,,,,,,
K2VERIFY_OPERATIONAL_DB,k2verify,tasks,tasks,updated_at,93,timestamp,Column,TRUE,29,DATETIME,11,,,,,,
K2VERIFY_OPERATIONAL_DB,k2verify,tasks,tasks,updated_by,12,text,Column,TRUE,2147483647,STRING,10,,,,,,
K2VERIFY_OPERATIONAL_DB,public,keys_table,keys_table,group_id,12,text,Column,FALSE,2147483647,STRING,1,true,,,,,
K2VERIFY_OPERATIONAL_DB,public,keys_table,keys_table,org_key,12,text,Column,FALSE,2147483647,STRING,2,true,,,,,
K2VERIFY_OPERATIONAL_DB,public,keystable,keystable,group_id,12,text,Column,FALSE,2147483647,STRING,1,true,,,,,
K2VERIFY_OPERATIONAL_DB,public,keystable,keystable,org_key,12,text,Column,FALSE,2147483647,STRING,2,true,,,,,
K2VERIFY_OPERATIONAL_DB,public,test_table,test_table,customer_id,4,int4,Column,FALSE,10,INTEGER,1,true,,,,,
K2VERIFY_OPERATIONAL_DB,public,test_table,test_table,first_name,12,text,Column,TRUE,2147483647,STRING,3,,true,FIRST_NAME,,,
K2VERIFY_OPERATIONAL_DB,public,test_table,test_table,last_name,12,text,Column,TRUE,2147483647,STRING,4,,true,LAST_NAME,,,
K2VERIFY_OPERATIONAL_DB,public,test_table,test_table,ssn,12,text,Column,TRUE,2147483647,STRING,2,,true,SOCIAL_SECURITY_NUMBER,,,
K2VERIFY_OPERATIONAL_DB,public,tmp_databses,tmp_databses,datname,12,name,Column,TRUE,2147483647,STRING,1,,true,NAME,,,
K2VERIFY_OPERATIONAL_DB,public,tmp_roles,tmp_roles,rolname,12,name,Column,TRUE,2147483647,STRING,1,,true,NAME,,,
OracleT2T,CUSTOMER,ACTIVITY,ACTIVITY,ACTIVITY_ID,2,NUMBER,Column,FALSE,0,REAL,1,true,,,,true,
OracleT2T,CUSTOMER,ACTIVITY,ACTIVITY,ACTIVITY_TS,93,TIMESTAMP(6),Column,FALSE,11,DATETIME,7,,,,,,
OracleT2T,CUSTOMER,ACTIVITY,ACTIVITY,ACTIVITY_TYPE,12,VARCHAR2,Column,FALSE,50,STRING,6,,,,,,
OracleT2T,CUSTOMER,ACTIVITY,ACTIVITY,CHANNEL,12,VARCHAR2,Column,TRUE,30,STRING,8,,,,,,
OracleT2T,CUSTOMER,ACTIVITY,ACTIVITY,CREATED_AT,93,TIMESTAMP(6),Column,FALSE,11,DATETIME,10,,,,,,
OracleT2T,CUSTOMER,ACTIVITY,ACTIVITY,PERSON_EMAIL,12,VARCHAR2,Column,TRUE,320,STRING,3,,true,EMAIL,,,
OracleT2T,CUSTOMER,ACTIVITY,ACTIVITY,PERSON_FULL_NAME,12,VARCHAR2,Column,FALSE,200,STRING,2,,true,NAME,,,
OracleT2T,CUSTOMER,ACTIVITY,ACTIVITY,PERSON_IP_ADDRESS,12,VARCHAR2,Column,TRUE,45,STRING,5,,true,ADDRESS,,,
OracleT2T,CUSTOMER,ACTIVITY,ACTIVITY,PERSON_PHONE,12,VARCHAR2,Column,TRUE,30,STRING,4,,true,TELEPHONE_NUMBER,,,
OracleT2T,CUSTOMER,ACTIVITY,ACTIVITY,STATUS,12,VARCHAR2,Column,TRUE,20,STRING,9,,,,,,
OracleT2T,CUSTOMER,ACTIVITY_TAR,ACTIVITY_TAR,ACTIVITY_ID,2,NUMBER,Column,FALSE,0,REAL,1,true,,,,true,
OracleT2T,CUSTOMER,ACTIVITY_TAR,ACTIVITY_TAR,ACTIVITY_TS,93,TIMESTAMP(6),Column,FALSE,11,DATETIME,7,,,,,,
OracleT2T,CUSTOMER,ACTIVITY_TAR,ACTIVITY_TAR,ACTIVITY_TYPE,12,VARCHAR2,Column,FALSE,50,STRING,6,,,,,,
OracleT2T,CUSTOMER,ACTIVITY_TAR,ACTIVITY_TAR,CHANNEL,12,VARCHAR2,Column,TRUE,30,STRING,8,,,,,,
OracleT2T,CUSTOMER,ACTIVITY_TAR,ACTIVITY_TAR,CREATED_AT,93,TIMESTAMP(6),Column,FALSE,11,DATETIME,10,,,,,,
OracleT2T,CUSTOMER,ACTIVITY_TAR,ACTIVITY_TAR,PERSON_EMAIL,12,VARCHAR2,Column,TRUE,320,STRING,3,,true,EMAIL,,,
OracleT2T,CUSTOMER,ACTIVITY_TAR,ACTIVITY_TAR,PERSON_FULL_NAME,12,VARCHAR2,Column,FALSE,200,STRING,2,,true,NAME,,,
OracleT2T,CUSTOMER,ACTIVITY_TAR,ACTIVITY_TAR,PERSON_IP_ADDRESS,12,VARCHAR2,Column,TRUE,45,STRING,5,,true,ADDRESS,,,
OracleT2T,CUSTOMER,ACTIVITY_TAR,ACTIVITY_TAR,PERSON_PHONE,12,VARCHAR2,Column,TRUE,30,STRING,4,,true,TELEPHONE_NUMBER,,,
OracleT2T,CUSTOMER,ACTIVITY_TAR,ACTIVITY_TAR,STATUS,12,VARCHAR2,Column,TRUE,20,STRING,9,,,,,,
OracleT2T,CUSTOMER,CUSTOMERS,CUSTOMERS,ADDRESS_LINE1,12,VARCHAR2,Column,TRUE,200,STRING,11,,true,ADDRESS,,,
OracleT2T,CUSTOMER,CUSTOMERS,CUSTOMERS,ADDRESS_LINE2,12,VARCHAR2,Column,TRUE,200,STRING,12,,true,ADDRESS,,,
OracleT2T,CUSTOMER,CUSTOMERS,CUSTOMERS,ALT_EMAIL,12,VARCHAR2,Column,TRUE,254,STRING,6,,,,,,
OracleT2T,CUSTOMER,CUSTOMERS,CUSTOMERS,ALT_PHONE,12,VARCHAR2,Column,TRUE,32,STRING,8,,true,TELEPHONE_NUMBER,,,
OracleT2T,CUSTOMER,CUSTOMERS,CUSTOMERS,AVATAR_RAW,-3,RAW,Column,TRUE,16,BYTES,33,,,,,,
OracleT2T,CUSTOMER,CUSTOMERS,CUSTOMERS,BALANCE,2,NUMBER,Column,TRUE,18,REAL,24,,,,,,
OracleT2T,CUSTOMER,CUSTOMERS,CUSTOMERS,CHILDREN_COUNT,2,NUMBER,Column,TRUE,3,REAL,45,,,,,,
OracleT2T,CUSTOMER,CUSTOMERS,CUSTOMERS,CITY,12,VARCHAR2,Column,TRUE,120,STRING,13,,true,CITY,,true,
OracleT2T,CUSTOMER,CUSTOMERS,CUSTOMERS,COMM_CHANNEL,12,VARCHAR2,Column,TRUE,32,STRING,32,,,,,,
OracleT2T,CUSTOMER,CUSTOMERS,CUSTOMERS,COUNTRY,1,CHAR,Column,TRUE,2,STRING,16,,true,COUNTRY,,,
OracleT2T,CUSTOMER,CUSTOMERS,CUSTOMERS,CREATED_AT,93,TIMESTAMP(6),Column,TRUE,11,DATETIME,46,,,,,,
OracleT2T,CUSTOMER,CUSTOMERS,CUSTOMERS,CREDIT_LIMIT,2,NUMBER,Column,TRUE,18,REAL,25,,,,,,
OracleT2T,CUSTOMER,CUSTOMERS,CUSTOMERS,CUSTOMER_ID,2,NUMBER,Column,FALSE,19,REAL,1,true,,,,true,
OracleT2T,CUSTOMER,CUSTOMERS,CUSTOMERS,DATE_OF_BIRTH,93,DATE,Column,TRUE,7,DATETIME,10,,,,,,
OracleT2T,CUSTOMER,CUSTOMERS,CUSTOMERS,DOUBLE_SCORE,101,BINARY_DOUBLE,Column,TRUE,8,UNKNOWN,42,,,,,,
OracleT2T,CUSTOMER,CUSTOMERS,CUSTOMERS,EMAIL,12,VARCHAR2,Column,TRUE,254,STRING,5,,true,EMAIL,,true,
OracleT2T,CUSTOMER,CUSTOMERS,CUSTOMERS,FAVORITE_NUMBER,2,NUMBER,Column,TRUE,0,REAL,39,,,,,,
OracleT2T,CUSTOMER,CUSTOMERS,CUSTOMERS,FIRST_NAME,12,VARCHAR2,Column,TRUE,100,STRING,2,,true,FIRST_NAME,,,
OracleT2T,CUSTOMER,CUSTOMERS,CUSTOMERS,FLOAT_SCORE,100,BINARY_FLOAT,Column,TRUE,4,UNKNOWN,41,,,,,,
OracleT2T,CUSTOMER,CUSTOMERS,CUSTOMERS,GENDER,12,VARCHAR2,Column,TRUE,20,STRING,17,,true,GENDER,,,
OracleT2T,CUSTOMER,CUSTOMERS,CUSTOMERS,HEIGHT_CM,2,NUMBER,Column,TRUE,5,REAL,43,,,,,,
OracleT2T,CUSTOMER,CUSTOMERS,CUSTOMERS,HOME_LAT,2,NUMBER,Column,TRUE,10,REAL,37,,,,,,
OracleT2T,CUSTOMER,CUSTOMERS,CUSTOMERS,HOME_LON,2,NUMBER,Column,TRUE,10,REAL,38,,,,,,
OracleT2T,CUSTOMER,CUSTOMERS,CUSTOMERS,IS_VIP,1,CHAR,Column,TRUE,1,STRING,28,,,,,,
OracleT2T,CUSTOMER,CUSTOMERS,CUSTOMERS,LAST_LOGIN_TS,93,TIMESTAMP(6),Column,TRUE,11,DATETIME,22,,,,,,
OracleT2T,CUSTOMER,CUSTOMERS,CUSTOMERS,LAST_LOGIN_TZ,-101,TIMESTAMP(6) WITH TIME ZONE,Column,TRUE,13,UNKNOWN,23,,,,,,
OracleT2T,CUSTOMER,CUSTOMERS,CUSTOMERS,LAST_NAME,12,VARCHAR2,Column,TRUE,100,STRING,4,,true,LAST_NAME,,,
OracleT2T,CUSTOMER,CUSTOMERS,CUSTOMERS,LOYALTY_POINTS,2,NUMBER,Column,TRUE,10,REAL,27,,,,,,
OracleT2T,CUSTOMER,CUSTOMERS,CUSTOMERS,MARITAL_STATUS,12,VARCHAR2,Column,TRUE,20,STRING,18,,,,,,
OracleT2T,CUSTOMER,CUSTOMERS,CUSTOMERS,MARKETING_OPT_IN,1,CHAR,Column,TRUE,1,STRING,31,,,,,,
OracleT2T,CUSTOMER,CUSTOMERS,CUSTOMERS,MIDDLE_NAME,12,VARCHAR2,Column,TRUE,100,STRING,3,,true,MIDDLE_NAME,,,
OracleT2T,CUSTOMER,CUSTOMERS,CUSTOMERS,NATIONAL_ID,12,VARCHAR2,Column,TRUE,64,STRING,19,,true,NATIONAL_ID,,,
OracleT2T,CUSTOMER,CUSTOMERS,CUSTOMERS,NOTES,2005,CLOB,Column,TRUE,4000,BYTES,35,,true,NOTES,,,
OracleT2T,CUSTOMER,CUSTOMERS,CUSTOMERS,PASSPORT_NO,12,VARCHAR2,Column,TRUE,32,STRING,20,,true,PASSPORT,,,
OracleT2T,CUSTOMER,CUSTOMERS,CUSTOMERS,PHONE,12,VARCHAR2,Column,TRUE,32,STRING,7,,true,TELEPHONE_NUMBER,,,
OracleT2T,CUSTOMER,CUSTOMERS,CUSTOMERS,POSTAL_CODE,12,VARCHAR2,Column,TRUE,20,STRING,15,,true,POSTAL_CODE,,,
OracleT2T,CUSTOMER,CUSTOMERS,CUSTOMERS,PREFERENCES_JSON,2005,CLOB,Column,TRUE,4000,BYTES,36,,,,,,
OracleT2T,CUSTOMER,CUSTOMERS,CUSTOMERS,PREFERRED_LANGUAGE,12,VARCHAR2,Column,TRUE,16,STRING,29,,true,LANGUAGE,,,
OracleT2T,CUSTOMER,CUSTOMERS,CUSTOMERS,PROFILE_BLOB,2004,BLOB,Column,TRUE,4000,BYTES,34,,,,,,
OracleT2T,CUSTOMER,CUSTOMERS,CUSTOMERS,RISK_SCORE,2,NUMBER,Column,TRUE,5,REAL,26,,,,,,
OracleT2T,CUSTOMER,CUSTOMERS,CUSTOMERS,ROW_VERSION,2,NUMBER,Column,TRUE,10,REAL,50,,,,,,
OracleT2T,CUSTOMER,CUSTOMERS,CUSTOMERS,SIGNUP_DATE,93,DATE,Column,TRUE,7,DATETIME,21,,,,,,
OracleT2T,CUSTOMER,CUSTOMERS,CUSTOMERS,SMALL_FLAG,2,NUMBER,Column,TRUE,1,REAL,40,,,,,,
OracleT2T,CUSTOMER,CUSTOMERS,CUSTOMERS,SSN,12,VARCHAR2,Column,TRUE,32,STRING,9,,true,SOCIAL_SECURITY_NUMBER,,true,
OracleT2T,CUSTOMER,CUSTOMERS,CUSTOMERS,STATE_PROVINCE,12,VARCHAR2,Column,TRUE,120,STRING,14,,true,STATE,,,
OracleT2T,CUSTOMER,CUSTOMERS,CUSTOMERS,TIMEZONE,12,VARCHAR2,Column,TRUE,64,STRING,30,,,,,,
OracleT2T,CUSTOMER,CUSTOMERS,CUSTOMERS,UPDATED_AT,93,TIMESTAMP(6),Column,TRUE,11,DATETIME,47,,,,,,
OracleT2T,CUSTOMER,CUSTOMERS,CUSTOMERS,VALID_FROM,93,TIMESTAMP(6),Column,TRUE,11,DATETIME,48,,,,,,
OracleT2T,CUSTOMER,CUSTOMERS,CUSTOMERS,VALID_TO,93,TIMESTAMP(6),Column,TRUE,11,DATETIME,49,,,,,,
OracleT2T,CUSTOMER,CUSTOMERS,CUSTOMERS,WEIGHT_KG,2,NUMBER,Column,TRUE,5,REAL,44,,,,,,
OracleT2T,CUSTOMER,CUSTOMER_PROFILE,CUSTOMER_PROFILE,CREATED_AT,93,TIMESTAMP(6),Column,FALSE,11,DATETIME,11,,,,,,
OracleT2T,CUSTOMER,CUSTOMER_PROFILE,CUSTOMER_PROFILE,CUSTOMER_STATUS,12,VARCHAR2,Column,FALSE,20,STRING,6,,,,,,
OracleT2T,CUSTOMER,CUSTOMER_PROFILE,CUSTOMER_PROFILE,EMAIL,12,VARCHAR2,Column,TRUE,320,STRING,3,,true,EMAIL,,,
OracleT2T,CUSTOMER,CUSTOMER_PROFILE,CUSTOMER_PROFILE,FULL_NAME,12,VARCHAR2,Column,FALSE,200,STRING,2,,true,FULL_NAME,,,
OracleT2T,CUSTOMER,CUSTOMER_PROFILE,CUSTOMER_PROFILE,LAST_LOGIN_TS,93,TIMESTAMP(6),Column,TRUE,11,DATETIME,10,,,,,,
OracleT2T,CUSTOMER,CUSTOMER_PROFILE,CUSTOMER_PROFILE,LOYALTY_TIER,12,VARCHAR2,Column,TRUE,20,STRING,9,,,,,,
OracleT2T,CUSTOMER,CUSTOMER_PROFILE,CUSTOMER_PROFILE,NATIONAL_ID,12,VARCHAR2,Column,TRUE,50,STRING,5,,true,NATIONAL_ID,,,
OracleT2T,CUSTOMER,CUSTOMER_PROFILE,CUSTOMER_PROFILE,PHONE,12,VARCHAR2,Column,TRUE,30,STRING,4,,true,TELEPHONE_NUMBER,,,
OracleT2T,CUSTOMER,CUSTOMER_PROFILE,CUSTOMER_PROFILE,PREFERRED_LANGUAGE,12,VARCHAR2,Column,TRUE,10,STRING,8,,true,LANGUAGE,,,
OracleT2T,CUSTOMER,CUSTOMER_PROFILE,CUSTOMER_PROFILE,PROFILE_ID,2,NUMBER,Column,FALSE,0,REAL,1,true,,,,true,
OracleT2T,CUSTOMER,CUSTOMER_PROFILE,CUSTOMER_PROFILE,SIGNUP_DATE,93,DATE,Column,FALSE,7,DATETIME,7,,,,,,
OracleT2T,CUSTOMER,CUSTOMER_PROFILE_TAR,CUSTOMER_PROFILE_TAR,CREATED_AT,93,TIMESTAMP(6),Column,FALSE,11,DATETIME,11,,,,,,
OracleT2T,CUSTOMER,CUSTOMER_PROFILE_TAR,CUSTOMER_PROFILE_TAR,CUSTOMER_STATUS,12,VARCHAR2,Column,FALSE,20,STRING,6,,,,,,
OracleT2T,CUSTOMER,CUSTOMER_PROFILE_TAR,CUSTOMER_PROFILE_TAR,EMAIL,12,VARCHAR2,Column,TRUE,320,STRING,3,,true,EMAIL,,,
OracleT2T,CUSTOMER,CUSTOMER_PROFILE_TAR,CUSTOMER_PROFILE_TAR,FULL_NAME,12,VARCHAR2,Column,FALSE,200,STRING,2,,true,FULL_NAME,,,
OracleT2T,CUSTOMER,CUSTOMER_PROFILE_TAR,CUSTOMER_PROFILE_TAR,LAST_LOGIN_TS,93,TIMESTAMP(6),Column,TRUE,11,DATETIME,10,,,,,,
OracleT2T,CUSTOMER,CUSTOMER_PROFILE_TAR,CUSTOMER_PROFILE_TAR,LOYALTY_TIER,12,VARCHAR2,Column,TRUE,20,STRING,9,,,,,,
OracleT2T,CUSTOMER,CUSTOMER_PROFILE_TAR,CUSTOMER_PROFILE_TAR,NATIONAL_ID,12,VARCHAR2,Column,TRUE,50,STRING,5,,true,NATIONAL_ID,,,
OracleT2T,CUSTOMER,CUSTOMER_PROFILE_TAR,CUSTOMER_PROFILE_TAR,PHONE,12,VARCHAR2,Column,TRUE,30,STRING,4,,true,TELEPHONE_NUMBER,,,
OracleT2T,CUSTOMER,CUSTOMER_PROFILE_TAR,CUSTOMER_PROFILE_TAR,PREFERRED_LANGUAGE,12,VARCHAR2,Column,TRUE,10,STRING,8,,true,LANGUAGE,,,
OracleT2T,CUSTOMER,CUSTOMER_PROFILE_TAR,CUSTOMER_PROFILE_TAR,PROFILE_ID,2,NUMBER,Column,FALSE,0,REAL,1,true,,,,true,
OracleT2T,CUSTOMER,CUSTOMER_PROFILE_TAR,CUSTOMER_PROFILE_TAR,SIGNUP_DATE,93,DATE,Column,FALSE,7,DATETIME,7,,,,,,
OracleT2T,CUSTOMER,CUSTOMER_SRC,CUSTOMER_SRC,CUSTOMER_ID,12,VARCHAR2,Column,FALSE,100,STRING,1,true,,,,true,
OracleT2T,CUSTOMER,CUSTOMER_SRC,CUSTOMER_SRC,FIRST_NAME,12,VARCHAR2,Column,TRUE,100,STRING,3,,true,FIRST_NAME,,,
OracleT2T,CUSTOMER,CUSTOMER_SRC,CUSTOMER_SRC,LAST_NAME,12,VARCHAR2,Column,TRUE,100,STRING,4,,true,LAST_NAME,,,
OracleT2T,CUSTOMER,CUSTOMER_SRC,CUSTOMER_SRC,SSN,12,VARCHAR2,Column,FALSE,100,STRING,2,true,true,SOCIAL_SECURITY_NUMBER,,true,
OracleT2T,CUSTOMER,CUSTOMER_TAR,CUSTOMER_TAR,CUSTOMER_ID,12,VARCHAR2,Column,FALSE,100,STRING,1,true,,,,true,
OracleT2T,CUSTOMER,CUSTOMER_TAR,CUSTOMER_TAR,FIRST_NAME,12,VARCHAR2,Column,TRUE,100,STRING,3,,true,FIRST_NAME,,,
OracleT2T,CUSTOMER,CUSTOMER_TAR,CUSTOMER_TAR,LAST_NAME,12,VARCHAR2,Column,TRUE,100,STRING,4,,true,LAST_NAME,,,
OracleT2T,CUSTOMER,CUSTOMER_TAR,CUSTOMER_TAR,SSN,12,VARCHAR2,Column,FALSE,100,STRING,2,true,true,SOCIAL_SECURITY_NUMBER,,true,
OracleT2T,CUSTOMER,DEVICE_INVENTORY,DEVICE_INVENTORY,CREATED_AT,93,TIMESTAMP(6),Column,FALSE,11,DATETIME,13,,,,,,
OracleT2T,CUSTOMER,DEVICE_INVENTORY,DEVICE_INVENTORY,DEVICE_ID,2,NUMBER,Column,FALSE,0,REAL,1,true,,,,true,
OracleT2T,CUSTOMER,DEVICE_INVENTORY,DEVICE_INVENTORY,DEVICE_SERIAL,12,VARCHAR2,Column,FALSE,80,STRING,5,,,,,true,
OracleT2T,CUSTOMER,DEVICE_INVENTORY,DEVICE_INVENTORY,DEVICE_STATUS,12,VARCHAR2,Column,FALSE,20,STRING,12,,,,,,
OracleT2T,CUSTOMER,DEVICE_INVENTORY,DEVICE_INVENTORY,DEVICE_TYPE,12,VARCHAR2,Column,FALSE,50,STRING,6,,,,,,
OracleT2T,CUSTOMER,DEVICE_INVENTORY,DEVICE_INVENTORY,MANUFACTURER,12,VARCHAR2,Column,TRUE,50,STRING,7,,,,,,
OracleT2T,CUSTOMER,DEVICE_INVENTORY,DEVICE_INVENTORY,MODEL,12,VARCHAR2,Column,TRUE,80,STRING,8,,,,,,
OracleT2T,CUSTOMER,DEVICE_INVENTORY,DEVICE_INVENTORY,OS_VERSION,12,VARCHAR2,Column,TRUE,40,STRING,9,,,,,,
OracleT2T,CUSTOMER,DEVICE_INVENTORY,DEVICE_INVENTORY,OWNER_EMAIL,12,VARCHAR2,Column,TRUE,320,STRING,3,,true,OWNER,,,
OracleT2T,CUSTOMER,DEVICE_INVENTORY,DEVICE_INVENTORY,OWNER_NAME,12,VARCHAR2,Column,TRUE,200,STRING,2,,true,OWNER,,,
OracleT2T,CUSTOMER,DEVICE_INVENTORY,DEVICE_INVENTORY,OWNER_PHONE,12,VARCHAR2,Column,TRUE,30,STRING,4,,true,OWNER,,,
OracleT2T,CUSTOMER,DEVICE_INVENTORY,DEVICE_INVENTORY,PURCHASE_DATE,93,DATE,Column,TRUE,7,DATETIME,10,,,,,,
OracleT2T,CUSTOMER,DEVICE_INVENTORY,DEVICE_INVENTORY,WARRANTY_EXPIRY,93,DATE,Column,TRUE,7,DATETIME,11,,,,,,
OracleT2T,CUSTOMER,DEVICE_INVENTORY_TAR,DEVICE_INVENTORY_TAR,CREATED_AT,93,TIMESTAMP(6),Column,FALSE,11,DATETIME,13,,,,,,
OracleT2T,CUSTOMER,DEVICE_INVENTORY_TAR,DEVICE_INVENTORY_TAR,DEVICE_ID,2,NUMBER,Column,FALSE,0,REAL,1,true,,,,true,
OracleT2T,CUSTOMER,DEVICE_INVENTORY_TAR,DEVICE_INVENTORY_TAR,DEVICE_SERIAL,12,VARCHAR2,Column,FALSE,80,STRING,5,,,,,true,
OracleT2T,CUSTOMER,DEVICE_INVENTORY_TAR,DEVICE_INVENTORY_TAR,DEVICE_STATUS,12,VARCHAR2,Column,FALSE,20,STRING,12,,,,,,
OracleT2T,CUSTOMER,DEVICE_INVENTORY_TAR,DEVICE_INVENTORY_TAR,DEVICE_TYPE,12,VARCHAR2,Column,FALSE,50,STRING,6,,,,,,
OracleT2T,CUSTOMER,DEVICE_INVENTORY_TAR,DEVICE_INVENTORY_TAR,MANUFACTURER,12,VARCHAR2,Column,TRUE,50,STRING,7,,,,,,
OracleT2T,CUSTOMER,DEVICE_INVENTORY_TAR,DEVICE_INVENTORY_TAR,MODEL,12,VARCHAR2,Column,TRUE,80,STRING,8,,,,,,
OracleT2T,CUSTOMER,DEVICE_INVENTORY_TAR,DEVICE_INVENTORY_TAR,OS_VERSION,12,VARCHAR2,Column,TRUE,40,STRING,9,,,,,,
OracleT2T,CUSTOMER,DEVICE_INVENTORY_TAR,DEVICE_INVENTORY_TAR,OWNER_EMAIL,12,VARCHAR2,Column,TRUE,320,STRING,3,,true,OWNER,,,
OracleT2T,CUSTOMER,DEVICE_INVENTORY_TAR,DEVICE_INVENTORY_TAR,OWNER_NAME,12,VARCHAR2,Column,TRUE,200,STRING,2,,true,OWNER,,,
OracleT2T,CUSTOMER,DEVICE_INVENTORY_TAR,DEVICE_INVENTORY_TAR,OWNER_PHONE,12,VARCHAR2,Column,TRUE,30,STRING,4,,true,OWNER,,,
OracleT2T,CUSTOMER,DEVICE_INVENTORY_TAR,DEVICE_INVENTORY_TAR,PURCHASE_DATE,93,DATE,Column,TRUE,7,DATETIME,10,,,,,,
OracleT2T,CUSTOMER,DEVICE_INVENTORY_TAR,DEVICE_INVENTORY_TAR,WARRANTY_EXPIRY,93,DATE,Column,TRUE,7,DATETIME,11,,,,,,
OracleT2T,CUSTOMER,EVENTS,EVENTS,ACCURACY_METERS,2,NUMBER,Column,TRUE,10,REAL,23,,,,,,
OracleT2T,CUSTOMER,EVENTS,EVENTS,APP_VERSION,12,VARCHAR2,Column,TRUE,40,STRING,10,,,,,,
OracleT2T,CUSTOMER,EVENTS,EVENTS,ATTRIBUTES_JSON,2005,CLOB,Column,TRUE,4000,BYTES,43,,,,,,
OracleT2T,CUSTOMER,EVENTS,EVENTS,BROWSER_NAME,12,VARCHAR2,Column,TRUE,40,STRING,15,,true,NAME,,,
OracleT2T,CUSTOMER,EVENTS,EVENTS,BROWSER_VERSION,12,VARCHAR2,Column,TRUE,40,STRING,16,,,,,,
OracleT2T,CUSTOMER,EVENTS,EVENTS,CITY,12,VARCHAR2,Column,TRUE,120,STRING,19,,true,CITY,,,
OracleT2T,CUSTOMER,EVENTS,EVENTS,CLICK_COUNT,2,NUMBER,Column,TRUE,9,REAL,33,,,,,,
OracleT2T,CUSTOMER,EVENTS,EVENTS,COLOR_DEPTH,2,NUMBER,Column,TRUE,3,REAL,31,,,,,,
OracleT2T,CUSTOMER,EVENTS,EVENTS,CONNECTION_TYPE,12,VARCHAR2,Column,TRUE,20,STRING,27,,,,,,
OracleT2T,CUSTOMER,EVENTS,EVENTS,CONSUMER,12,VARCHAR2,Column,TRUE,80,STRING,49,,,,,,
OracleT2T,CUSTOMER,EVENTS,EVENTS,COUNTRY,1,CHAR,Column,TRUE,2,STRING,17,,true,COUNTRY,,,
OracleT2T,CUSTOMER,EVENTS,EVENTS,CUSTOMER_ID,2,NUMBER,Column,TRUE,19,REAL,2,,,,,true,
OracleT2T,CUSTOMER,EVENTS,EVENTS,DEVICE_MODEL,12,VARCHAR2,Column,TRUE,80,STRING,13,,,,,,
OracleT2T,CUSTOMER,EVENTS,EVENTS,DEVICE_VENDOR,12,VARCHAR2,Column,TRUE,80,STRING,14,,,,,,
OracleT2T,CUSTOMER,EVENTS,EVENTS,ERROR_CODE,12,VARCHAR2,Column,TRUE,40,STRING,35,,,,,,
OracleT2T,CUSTOMER,EVENTS,EVENTS,ERROR_MESSAGE,12,VARCHAR2,Column,TRUE,400,STRING,36,,,,,,
OracleT2T,CUSTOMER,EVENTS,EVENTS,EVENT_ID,2,NUMBER,Column,FALSE,19,REAL,1,true,,,,true,
OracleT2T,CUSTOMER,EVENTS,EVENTS,EVENT_TS,93,TIMESTAMP(6),Column,FALSE,11,DATETIME,4,,,,,true,
OracleT2T,CUSTOMER,EVENTS,EVENTS,EVENT_TS_TZ,-101,TIMESTAMP(6) WITH TIME ZONE,Column,TRUE,13,UNKNOWN,5,,,,,,
OracleT2T,CUSTOMER,EVENTS,EVENTS,EVENT_TYPE,12,VARCHAR2,Column,TRUE,60,STRING,6,,,,,,
OracleT2T,CUSTOMER,EVENTS,EVENTS,EXCEPTION_CLASS,12,VARCHAR2,Column,TRUE,120,STRING,37,,,,,,
OracleT2T,CUSTOMER,EVENTS,EVENTS,EXPERIMENT_ID,12,VARCHAR2,Column,TRUE,64,STRING,38,,,,,,
OracleT2T,CUSTOMER,EVENTS,EVENTS,HEADERS_CLOB,2005,CLOB,Column,TRUE,4000,BYTES,44,,,,,,
OracleT2T,CUSTOMER,EVENTS,EVENTS,INGESTION_TS,93,TIMESTAMP(6),Column,TRUE,11,DATETIME,47,,,,,,
OracleT2T,CUSTOMER,EVENTS,EVENTS,IS_MOBILE,1,CHAR,Column,TRUE,1,STRING,25,,true,TELEPHONE_NUMBER,,,
OracleT2T,CUSTOMER,EVENTS,EVENTS,IS_VPN,1,CHAR,Column,TRUE,1,STRING,24,,,,,,
OracleT2T,CUSTOMER,EVENTS,EVENTS,LANGUAGE,12,VARCHAR2,Column,TRUE,16,STRING,28,,true,LANGUAGE,,,
OracleT2T,CUSTOMER,EVENTS,EVENTS,LATITUDE,2,NUMBER,Column,TRUE,10,REAL,21,,true,LATITUDE,,,
OracleT2T,CUSTOMER,EVENTS,EVENTS,LONGITUDE,2,NUMBER,Column,TRUE,10,REAL,22,,true,LONGITUDE,,,
OracleT2T,CUSTOMER,EVENTS,EVENTS,NETWORK_CARRIER,12,VARCHAR2,Column,TRUE,80,STRING,26,,,,,,
OracleT2T,CUSTOMER,EVENTS,EVENTS,OFFSET_NUM,2,NUMBER,Column,TRUE,20,REAL,51,,,,,,
OracleT2T,CUSTOMER,EVENTS,EVENTS,OS_NAME,12,VARCHAR2,Column,TRUE,40,STRING,11,,true,NAME,,,
OracleT2T,CUSTOMER,EVENTS,EVENTS,OS_VERSION,12,VARCHAR2,Column,TRUE,40,STRING,12,,,,,,
OracleT2T,CUSTOMER,EVENTS,EVENTS,PAGE_URL,12,VARCHAR2,Column,TRUE,1000,STRING,8,,,,,,
OracleT2T,CUSTOMER,EVENTS,EVENTS,PARTITION_KEY,12,VARCHAR2,Column,TRUE,64,STRING,50,,,,,,
OracleT2T,CUSTOMER,EVENTS,EVENTS,PAYLOAD_BLOB,2004,BLOB,Column,TRUE,4000,BYTES,45,,,,,,
OracleT2T,CUSTOMER,EVENTS,EVENTS,PRODUCER,12,VARCHAR2,Column,TRUE,80,STRING,48,,,,,,
OracleT2T,CUSTOMER,EVENTS,EVENTS,RAW_SIG,-3,RAW,Column,TRUE,16,BYTES,46,,,,,,
OracleT2T,CUSTOMER,EVENTS,EVENTS,REFERRER_URL,12,VARCHAR2,Column,TRUE,1000,STRING,9,,,,,,
OracleT2T,CUSTOMER,EVENTS,EVENTS,REGION,12,VARCHAR2,Column,TRUE,120,STRING,18,,,,,,
OracleT2T,CUSTOMER,EVENTS,EVENTS,SCREEN_HEIGHT,2,NUMBER,Column,TRUE,6,REAL,30,,,,,,
OracleT2T,CUSTOMER,EVENTS,EVENTS,SCREEN_WIDTH,2,NUMBER,Column,TRUE,6,REAL,29,,,,,,
OracleT2T,CUSTOMER,EVENTS,EVENTS,SCROLL_DEPTH_PCT,2,NUMBER,Column,TRUE,5,REAL,34,,,,,,
OracleT2T,CUSTOMER,EVENTS,EVENTS,SESSION_DURATION_MS,2,NUMBER,Column,TRUE,12,REAL,42,,,,,,
OracleT2T,CUSTOMER,EVENTS,EVENTS,SESSION_END_TS,93,TIMESTAMP(6),Column,TRUE,11,DATETIME,41,,,,,,
OracleT2T,CUSTOMER,EVENTS,EVENTS,SESSION_ID,12,VARCHAR2,Column,TRUE,64,STRING,3,,,,,,
OracleT2T,CUSTOMER,EVENTS,EVENTS,SESSION_START_TS,93,TIMESTAMP(6),Column,TRUE,11,DATETIME,40,,,,,,
OracleT2T,CUSTOMER,EVENTS,EVENTS,SSN,12,VARCHAR2,Column,TRUE,32,STRING,52,,true,SOCIAL_SECURITY_NUMBER,,,
OracleT2T,CUSTOMER,EVENTS,EVENTS,SUBTYPE,12,VARCHAR2,Column,TRUE,60,STRING,7,,,,,,
OracleT2T,CUSTOMER,EVENTS,EVENTS,TIME_ON_PAGE_MS,2,NUMBER,Column,TRUE,12,REAL,32,,,,,,
OracleT2T,CUSTOMER,EVENTS,EVENTS,VARIANT_ID,12,VARCHAR2,Column,TRUE,64,STRING,39,,,,,,
OracleT2T,CUSTOMER,EVENTS,EVENTS,ZIP,12,VARCHAR2,Column,TRUE,20,STRING,20,,true,POSTAL_CODE,,,
OracleT2T,CUSTOMER,ORDERS,ORDERS,AFFILIATE_ID,12,VARCHAR2,Column,TRUE,64,STRING,24,,true,AFFILIATE_ID,,,
OracleT2T,CUSTOMER,ORDERS,ORDERS,AMOUNT,2,NUMBER,Column,FALSE,18,REAL,6,,,,,,
OracleT2T,CUSTOMER,ORDERS,ORDERS,BILLING_ADDR1,12,VARCHAR2,Column,TRUE,200,STRING,37,,true,ADDRESS,,,
OracleT2T,CUSTOMER,ORDERS,ORDERS,BILLING_ADDR2,12,VARCHAR2,Column,TRUE,200,STRING,38,,true,ADDRESS,,,
OracleT2T,CUSTOMER,ORDERS,ORDERS,BILLING_CITY,12,VARCHAR2,Column,TRUE,120,STRING,39,,,,,,
OracleT2T,CUSTOMER,ORDERS,ORDERS,BILLING_COUNTRY,1,CHAR,Column,TRUE,2,STRING,42,,,,,,
OracleT2T,CUSTOMER,ORDERS,ORDERS,BILLING_POSTAL_CODE,12,VARCHAR2,Column,TRUE,20,STRING,41,,true,POSTAL_CODE,,,
OracleT2T,CUSTOMER,ORDERS,ORDERS,BILLING_STATE,12,VARCHAR2,Column,TRUE,120,STRING,40,,,,,,
OracleT2T,CUSTOMER,ORDERS,ORDERS,CANCELLED_AT,93,TIMESTAMP(6),Column,TRUE,11,DATETIME,50,,,,,,
OracleT2T,CUSTOMER,ORDERS,ORDERS,CARD_BIN,1,CHAR,Column,TRUE,6,STRING,15,,,,,,
OracleT2T,CUSTOMER,ORDERS,ORDERS,CARD_BRAND,12,VARCHAR2,Column,TRUE,40,STRING,13,,,,,,
OracleT2T,CUSTOMER,ORDERS,ORDERS,CARD_EXP_MONTH,2,NUMBER,Column,TRUE,2,REAL,16,,,,,,
OracleT2T,CUSTOMER,ORDERS,ORDERS,CARD_EXP_YEAR,2,NUMBER,Column,TRUE,4,REAL,17,,,,,,
OracleT2T,CUSTOMER,ORDERS,ORDERS,CARD_LAST4,1,CHAR,Column,TRUE,4,STRING,14,,,,,,
OracleT2T,CUSTOMER,ORDERS,ORDERS,CHANNEL,12,VARCHAR2,Column,TRUE,40,STRING,22,,,,,,
OracleT2T,CUSTOMER,ORDERS,ORDERS,CREATED_AT,93,TIMESTAMP(6),Column,TRUE,11,DATETIME,48,,,,,,
OracleT2T,CUSTOMER,ORDERS,ORDERS,CURRENCY,1,CHAR,Column,FALSE,3,STRING,10,,,,,,
OracleT2T,CUSTOMER,ORDERS,ORDERS,CUSTOMER_ID,2,NUMBER,Column,FALSE,19,REAL,2,,,,,true,
OracleT2T,CUSTOMER,ORDERS,ORDERS,DEVICE_FINGERPRINT,12,VARCHAR2,Column,TRUE,128,STRING,20,,,,,,
OracleT2T,CUSTOMER,ORDERS,ORDERS,DEVICE_ID,12,VARCHAR2,Column,TRUE,64,STRING,19,,,,,,
OracleT2T,CUSTOMER,ORDERS,ORDERS,DISCOUNT_AMOUNT,2,NUMBER,Column,TRUE,18,REAL,8,,,,,,
OracleT2T,CUSTOMER,ORDERS,ORDERS,FRAUD_SCORE,2,NUMBER,Column,TRUE,5,REAL,28,,,,,,
OracleT2T,CUSTOMER,ORDERS,ORDERS,GEO_LAT,2,NUMBER,Column,TRUE,10,REAL,29,,,,,,
OracleT2T,CUSTOMER,ORDERS,ORDERS,GEO_LON,2,NUMBER,Column,TRUE,10,REAL,30,,,,,,
OracleT2T,CUSTOMER,ORDERS,ORDERS,GIFT_WRAP,1,CHAR,Column,TRUE,1,STRING,43,,,,,,
OracleT2T,CUSTOMER,ORDERS,ORDERS,IP_ADDRESS,12,VARCHAR2,Column,TRUE,45,STRING,18,,true,IP_ADDRESS,,,
OracleT2T,CUSTOMER,ORDERS,ORDERS,IS_GIFT,1,CHAR,Column,TRUE,1,STRING,44,,,,,,
OracleT2T,CUSTOMER,ORDERS,ORDERS,ITEMS_COUNT,2,NUMBER,Column,TRUE,9,REAL,27,,,,,,
OracleT2T,CUSTOMER,ORDERS,ORDERS,MERCHANT_ID,12,VARCHAR2,Column,TRUE,64,STRING,25,,,,,,
OracleT2T,CUSTOMER,ORDERS,ORDERS,ORDER_DATE,93,DATE,Column,TRUE,7,DATETIME,5,,,,,,
OracleT2T,CUSTOMER,ORDERS,ORDERS,ORDER_ID,2,NUMBER,Column,FALSE,19,REAL,1,true,,,,true,
OracleT2T,CUSTOMER,ORDERS,ORDERS,ORDER_TS,93,TIMESTAMP(6),Column,FALSE,11,DATETIME,3,,,,,true,
OracleT2T,CUSTOMER,ORDERS,ORDERS,ORDER_TS_TZ,-101,TIMESTAMP(6) WITH TIME ZONE,Column,TRUE,13,UNKNOWN,4,,,,,,
OracleT2T,CUSTOMER,ORDERS,ORDERS,PAYMENT_METHOD,12,VARCHAR2,Column,TRUE,40,STRING,12,,true,CREDIT_CARD,,,
OracleT2T,CUSTOMER,ORDERS,ORDERS,PROMO_CODE,12,VARCHAR2,Column,TRUE,40,STRING,23,,,,,,
OracleT2T,CUSTOMER,ORDERS,ORDERS,REFERENCE_ID,12,VARCHAR2,Column,TRUE,64,STRING,46,,,,,,
OracleT2T,CUSTOMER,ORDERS,ORDERS,RETURN_WINDOW_DAYS,2,NUMBER,Column,TRUE,3,REAL,51,,,,,,
OracleT2T,CUSTOMER,ORDERS,ORDERS,SHIPPING_ADDR1,12,VARCHAR2,Column,TRUE,200,STRING,31,,true,ADDRESS,,,
OracleT2T,CUSTOMER,ORDERS,ORDERS,SHIPPING_ADDR2,12,VARCHAR2,Column,TRUE,200,STRING,32,,true,ADDRESS,,,
OracleT2T,CUSTOMER,ORDERS,ORDERS,SHIPPING_CITY,12,VARCHAR2,Column,TRUE,120,STRING,33,,,,,,
OracleT2T,CUSTOMER,ORDERS,ORDERS,SHIPPING_COUNTRY,1,CHAR,Column,TRUE,2,STRING,36,,,,,,
OracleT2T,CUSTOMER,ORDERS,ORDERS,SHIPPING_FEE,2,NUMBER,Column,TRUE,18,REAL,9,,,,,,
OracleT2T,CUSTOMER,ORDERS,ORDERS,SHIPPING_POSTAL_CODE,12,VARCHAR2,Column,TRUE,20,STRING,35,,true,POSTAL_CODE,,,
OracleT2T,CUSTOMER,ORDERS,ORDERS,SHIPPING_STATE,12,VARCHAR2,Column,TRUE,120,STRING,34,,,,,,
OracleT2T,CUSTOMER,ORDERS,ORDERS,SPECIAL_INSTRUCTIONS,2005,CLOB,Column,TRUE,4000,BYTES,45,,,,,,
OracleT2T,CUSTOMER,ORDERS,ORDERS,SSN,12,VARCHAR2,Column,TRUE,32,STRING,47,,true,SOCIAL_SECURITY_NUMBER,,,
OracleT2T,CUSTOMER,ORDERS,ORDERS,STATUS,12,VARCHAR2,Column,TRUE,40,STRING,11,,,,,,
OracleT2T,CUSTOMER,ORDERS,ORDERS,STORE_ID,12,VARCHAR2,Column,TRUE,64,STRING,26,,,,,,
OracleT2T,CUSTOMER,ORDERS,ORDERS,TAX_AMOUNT,2,NUMBER,Column,TRUE,18,REAL,7,,,,,,
OracleT2T,CUSTOMER,ORDERS,ORDERS,UPDATED_AT,93,TIMESTAMP(6),Column,TRUE,11,DATETIME,49,,,,,,
OracleT2T,CUSTOMER,ORDERS,ORDERS,USER_AGENT,12,VARCHAR2,Column,TRUE,400,STRING,21,,,,,,
OracleT2T,CUSTOMER,ORDERS,ORDERS,VERSION,2,NUMBER,Column,TRUE,10,REAL,52,,,,,,
OracleT2T,CUSTOMER,SUPPORT_TICKET,SUPPORT_TICKET,CREATED_TS,93,TIMESTAMP(6),Column,FALSE,11,DATETIME,9,,,,,,
OracleT2T,CUSTOMER,SUPPORT_TICKET,SUPPORT_TICKET,DESCRIPTION,2005,CLOB,Column,TRUE,4000,BYTES,6,,,,,,
OracleT2T,CUSTOMER,SUPPORT_TICKET,SUPPORT_TICKET,PRIORITY,12,VARCHAR2,Column,FALSE,10,STRING,7,,,,,,
OracleT2T,CUSTOMER,SUPPORT_TICKET,SUPPORT_TICKET,REPORTER_EMAIL,12,VARCHAR2,Column,TRUE,320,STRING,3,,true,EMAIL,,,
OracleT2T,CUSTOMER,SUPPORT_TICKET,SUPPORT_TICKET,REPORTER_NAME,12,VARCHAR2,Column,FALSE,200,STRING,2,,true,NAME,,,
OracleT2T,CUSTOMER,SUPPORT_TICKET,SUPPORT_TICKET,REPORTER_PHONE,12,VARCHAR2,Column,TRUE,30,STRING,4,,true,TELEPHONE_NUMBER,,,
OracleT2T,CUSTOMER,SUPPORT_TICKET,SUPPORT_TICKET,RESOLUTION_NOTES,12,VARCHAR2,Column,TRUE,2000,STRING,11,,true,NOTES,,,
OracleT2T,CUSTOMER,SUPPORT_TICKET,SUPPORT_TICKET,STATUS,12,VARCHAR2,Column,FALSE,20,STRING,8,,,,,,
OracleT2T,CUSTOMER,SUPPORT_TICKET,SUPPORT_TICKET,SUBJECT,12,VARCHAR2,Column,FALSE,300,STRING,5,,,,,,
OracleT2T,CUSTOMER,SUPPORT_TICKET,SUPPORT_TICKET,TICKET_ID,2,NUMBER,Column,FALSE,0,REAL,1,true,,,,true,
OracleT2T,CUSTOMER,SUPPORT_TICKET,SUPPORT_TICKET,UPDATED_TS,93,TIMESTAMP(6),Column,TRUE,11,DATETIME,10,,,,,,
OracleT2T,CUSTOMER,SUPPORT_TICKET_TAR,SUPPORT_TICKET_TAR,CREATED_TS,93,TIMESTAMP(6),Column,FALSE,11,DATETIME,8,,,,,,
OracleT2T,CUSTOMER,SUPPORT_TICKET_TAR,SUPPORT_TICKET_TAR,PRIORITY,12,VARCHAR2,Column,FALSE,10,STRING,6,,,,,,
OracleT2T,CUSTOMER,SUPPORT_TICKET_TAR,SUPPORT_TICKET_TAR,REPORTER_EMAIL,12,VARCHAR2,Column,TRUE,320,STRING,3,,true,EMAIL,,,
OracleT2T,CUSTOMER,SUPPORT_TICKET_TAR,SUPPORT_TICKET_TAR,REPORTER_NAME,12,VARCHAR2,Column,FALSE,200,STRING,2,,true,NAME,,,
OracleT2T,CUSTOMER,SUPPORT_TICKET_TAR,SUPPORT_TICKET_TAR,REPORTER_PHONE,12,VARCHAR2,Column,TRUE,30,STRING,4,,true,TELEPHONE_NUMBER,,,
OracleT2T,CUSTOMER,SUPPORT_TICKET_TAR,SUPPORT_TICKET_TAR,RESOLUTION_NOTES,12,VARCHAR2,Column,TRUE,2000,STRING,10,,true,NOTES,,,
OracleT2T,CUSTOMER,SUPPORT_TICKET_TAR,SUPPORT_TICKET_TAR,STATUS,12,VARCHAR2,Column,FALSE,20,STRING,7,,,,,,
OracleT2T,CUSTOMER,SUPPORT_TICKET_TAR,SUPPORT_TICKET_TAR,SUBJECT,12,VARCHAR2,Column,FALSE,300,STRING,5,,,,,,
OracleT2T,CUSTOMER,SUPPORT_TICKET_TAR,SUPPORT_TICKET_TAR,TICKET_ID,2,NUMBER,Column,FALSE,0,REAL,1,true,,,,true,
OracleT2T,CUSTOMER,SUPPORT_TICKET_TAR,SUPPORT_TICKET_TAR,UPDATED_TS,93,TIMESTAMP(6),Column,TRUE,11,DATETIME,9,,,,,,
OracleT2T,CUSTOMER,TEST_TABLE,TEST_TABLE,CUSTOMER_ID,2,NUMBER,Column,FALSE,38,REAL,1,true,,,,true,
OracleT2T,CUSTOMER,TEST_TABLE,TEST_TABLE,FIRST_NAME,12,VARCHAR2,Column,TRUE,50,STRING,3,,true,FIRST_NAME,,,
OracleT2T,CUSTOMER,TEST_TABLE,TEST_TABLE,LAST_NAME,12,VARCHAR2,Column,TRUE,50,STRING,4,,true,LAST_NAME,,,
OracleT2T,CUSTOMER,TEST_TABLE,TEST_TABLE,SSN,12,VARCHAR2,Column,TRUE,50,STRING,2,,true,SOCIAL_SECURITY_NUMBER,,,
OracleT2T,CUSTOMER,TEST_TABLE_SRC,TEST_TABLE_SRC,CUSTOMER_ID,12,VARCHAR2,Column,FALSE,50,STRING,1,true,,,,true,
OracleT2T,CUSTOMER,TEST_TABLE_SRC,TEST_TABLE_SRC,FIRST_NAME,12,VARCHAR2,Column,TRUE,50,STRING,3,,true,FIRST_NAME,,,
OracleT2T,CUSTOMER,TEST_TABLE_SRC,TEST_TABLE_SRC,LAST_NAME,12,VARCHAR2,Column,TRUE,50,STRING,4,,true,LAST_NAME,,,
OracleT2T,CUSTOMER,TEST_TABLE_SRC,TEST_TABLE_SRC,SSN,12,VARCHAR2,Column,TRUE,50,STRING,2,,true,SOCIAL_SECURITY_NUMBER,,,
OracleT2T,CUSTOMER,TEST_TABLE_TAR,TEST_TABLE_TAR,CUSTOMER_ID,12,VARCHAR2,Column,FALSE,50,STRING,1,true,,,,true,
OracleT2T,CUSTOMER,TEST_TABLE_TAR,TEST_TABLE_TAR,FIRST_NAME,12,VARCHAR2,Column,TRUE,50,STRING,3,,true,FIRST_NAME,,,
OracleT2T,CUSTOMER,TEST_TABLE_TAR,TEST_TABLE_TAR,LAST_NAME,12,VARCHAR2,Column,TRUE,50,STRING,4,,true,LAST_NAME,,,
OracleT2T,CUSTOMER,TEST_TABLE_TAR,TEST_TABLE_TAR,SSN,12,VARCHAR2,Column,TRUE,50,STRING,2,,true,SOCIAL_SECURITY_NUMBER,,,
OracleT2T,CUSTOMER,TMP_ENTITY_INCLUSION,TMP_ENTITY_INCLUSION,CUSTOMER_ID,12,VARCHAR2,Column,TRUE,81,STRING,1,,,,,,
OracleT2T,CUSTOMER,TRANSACTIONS,TRANSACTIONS,ACCOUNT_HOLDER_EMAIL,12,VARCHAR2,Column,TRUE,320,STRING,3,,true,EMAIL,,,
OracleT2T,CUSTOMER,TRANSACTIONS,TRANSACTIONS,ACCOUNT_HOLDER_NAME,12,VARCHAR2,Column,FALSE,200,STRING,2,,true,NAME,,,
OracleT2T,CUSTOMER,TRANSACTIONS,TRANSACTIONS,ACCOUNT_HOLDER_PHONE,12,VARCHAR2,Column,TRUE,30,STRING,4,,true,TELEPHONE_NUMBER,,,
OracleT2T,CUSTOMER,TRANSACTIONS,TRANSACTIONS,AMOUNT,2,NUMBER,Column,FALSE,12,REAL,10,,,,,,
OracleT2T,CUSTOMER,TRANSACTIONS,TRANSACTIONS,BILLING_ADDRESS,12,VARCHAR2,Column,TRUE,500,STRING,5,,true,ADDRESS,,,
OracleT2T,CUSTOMER,TRANSACTIONS,TRANSACTIONS,CURRENCY_CODE,1,CHAR,Column,FALSE,3,STRING,9,,,,,,
OracleT2T,CUSTOMER,TRANSACTIONS,TRANSACTIONS,FEE_AMOUNT,2,NUMBER,Column,FALSE,12,REAL,11,,,,,,
OracleT2T,CUSTOMER,TRANSACTIONS,TRANSACTIONS,MERCHANT_CATEGORY,12,VARCHAR2,Column,TRUE,50,STRING,14,,,,,,
OracleT2T,CUSTOMER,TRANSACTIONS,TRANSACTIONS,NET_AMOUNT,2,NUMBER,Column,TRUE,12,REAL,12,,,,,,
OracleT2T,CUSTOMER,TRANSACTIONS,TRANSACTIONS,NOTES,12,VARCHAR2,Column,TRUE,1000,STRING,15,,true,NOTES,,,
OracleT2T,CUSTOMER,TRANSACTIONS,TRANSACTIONS,PAYMENT_METHOD,12,VARCHAR2,Column,FALSE,30,STRING,8,,true,CREDIT_CARD,,,
OracleT2T,CUSTOMER,TRANSACTIONS,TRANSACTIONS,TRANSACTION_DATE,93,DATE,Column,FALSE,7,DATETIME,7,,,,,,
OracleT2T,CUSTOMER,TRANSACTIONS,TRANSACTIONS,TRANSACTION_ID,2,NUMBER,Column,FALSE,0,REAL,1,true,,,,true,
OracleT2T,CUSTOMER,TRANSACTIONS,TRANSACTIONS,TRANSACTION_REF,12,VARCHAR2,Column,FALSE,60,STRING,6,,,,,true,
OracleT2T,CUSTOMER,TRANSACTIONS,TRANSACTIONS,TRANSACTION_STATUS,12,VARCHAR2,Column,FALSE,20,STRING,13,,,,,,
OracleT2T,CUSTOMER,TRANSACTIONS_TAR,TRANSACTIONS_TAR,ACCOUNT_HOLDER_EMAIL,12,VARCHAR2,Column,TRUE,320,STRING,3,,true,EMAIL,,,
OracleT2T,CUSTOMER,TRANSACTIONS_TAR,TRANSACTIONS_TAR,ACCOUNT_HOLDER_NAME,12,VARCHAR2,Column,FALSE,200,STRING,2,,true,NAME,,,
OracleT2T,CUSTOMER,TRANSACTIONS_TAR,TRANSACTIONS_TAR,ACCOUNT_HOLDER_PHONE,12,VARCHAR2,Column,TRUE,30,STRING,4,,true,TELEPHONE_NUMBER,,,
OracleT2T,CUSTOMER,TRANSACTIONS_TAR,TRANSACTIONS_TAR,AMOUNT,2,NUMBER,Column,FALSE,12,REAL,10,,,,,,
OracleT2T,CUSTOMER,TRANSACTIONS_TAR,TRANSACTIONS_TAR,BILLING_ADDRESS,12,VARCHAR2,Column,TRUE,500,STRING,5,,true,ADDRESS,,,
OracleT2T,CUSTOMER,TRANSACTIONS_TAR,TRANSACTIONS_TAR,CURRENCY_CODE,1,CHAR,Column,FALSE,3,STRING,9,,,,,,
OracleT2T,CUSTOMER,TRANSACTIONS_TAR,TRANSACTIONS_TAR,FEE_AMOUNT,2,NUMBER,Column,FALSE,12,REAL,11,,,,,,
OracleT2T,CUSTOMER,TRANSACTIONS_TAR,TRANSACTIONS_TAR,MERCHANT_CATEGORY,12,VARCHAR2,Column,TRUE,50,STRING,14,,,,,,
OracleT2T,CUSTOMER,TRANSACTIONS_TAR,TRANSACTIONS_TAR,NET_AMOUNT,2,NUMBER,Column,TRUE,12,REAL,12,,,,,,
OracleT2T,CUSTOMER,TRANSACTIONS_TAR,TRANSACTIONS_TAR,NOTES,12,VARCHAR2,Column,TRUE,1000,STRING,15,,true,NOTES,,,
OracleT2T,CUSTOMER,TRANSACTIONS_TAR,TRANSACTIONS_TAR,PAYMENT_METHOD,12,VARCHAR2,Column,FALSE,30,STRING,8,,true,CREDIT_CARD,,,
OracleT2T,CUSTOMER,TRANSACTIONS_TAR,TRANSACTIONS_TAR,TRANSACTION_DATE,93,DATE,Column,FALSE,7,DATETIME,7,,,,,,
OracleT2T,CUSTOMER,TRANSACTIONS_TAR,TRANSACTIONS_TAR,TRANSACTION_ID,2,NUMBER,Column,FALSE,0,REAL,1,true,,,,true,
OracleT2T,CUSTOMER,TRANSACTIONS_TAR,TRANSACTIONS_TAR,TRANSACTION_REF,12,VARCHAR2,Column,FALSE,60,STRING,6,,,,,true,
OracleT2T,CUSTOMER,TRANSACTIONS_TAR,TRANSACTIONS_TAR,TRANSACTION_STATUS,12,VARCHAR2,Column,FALSE,20,STRING,13,,,,,,
OracleT2T,CUSTOMER,USAGE,USAGE,BILLING_ADDRESS,12,VARCHAR2,Column,TRUE,500,STRING,4,,true,ADDRESS,,,
OracleT2T,CUSTOMER,USAGE,USAGE,PLAN_TIER,12,VARCHAR2,Column,TRUE,30,STRING,11,,,,,,
OracleT2T,CUSTOMER,USAGE,USAGE,PRODUCT_CODE,12,VARCHAR2,Column,FALSE,50,STRING,6,,,,,,
OracleT2T,CUSTOMER,USAGE,USAGE,RECORDED_AT,93,TIMESTAMP(6),Column,FALSE,11,DATETIME,12,,,,,,
OracleT2T,CUSTOMER,USAGE,USAGE,TAX_ID,12,VARCHAR2,Column,TRUE,40,STRING,5,,true,TAX_ID,,,
OracleT2T,CUSTOMER,USAGE,USAGE,UNIT_TYPE,12,VARCHAR2,Column,FALSE,30,STRING,8,,,,,,
OracleT2T,CUSTOMER,USAGE,USAGE,USAGE_END_DATE,93,DATE,Column,FALSE,7,DATETIME,10,,,,,,
OracleT2T,CUSTOMER,USAGE,USAGE,USAGE_ID,2,NUMBER,Column,FALSE,0,REAL,1,true,,,,true,
OracleT2T,CUSTOMER,USAGE,USAGE,USAGE_START_DATE,93,DATE,Column,FALSE,7,DATETIME,9,,,,,,
OracleT2T,CUSTOMER,USAGE,USAGE,USAGE_UNITS,2,NUMBER,Column,FALSE,12,REAL,7,,,,,,
OracleT2T,CUSTOMER,USAGE,USAGE,USER_EMAIL,12,VARCHAR2,Column,TRUE,320,STRING,3,,true,EMAIL,,,
OracleT2T,CUSTOMER,USAGE,USAGE,USER_NAME,12,VARCHAR2,Column,FALSE,200,STRING,2,,true,NAME,,,
OracleT2T,CUSTOMER,USAGE_TAR,USAGE_TAR,BILLING_ADDRESS,12,VARCHAR2,Column,TRUE,500,STRING,4,,true,ADDRESS,,,
OracleT2T,CUSTOMER,USAGE_TAR,USAGE_TAR,PLAN_TIER,12,VARCHAR2,Column,TRUE,30,STRING,11,,,,,,
OracleT2T,CUSTOMER,USAGE_TAR,USAGE_TAR,PRODUCT_CODE,12,VARCHAR2,Column,FALSE,50,STRING,6,,,,,,
OracleT2T,CUSTOMER,USAGE_TAR,USAGE_TAR,RECORDED_AT,93,TIMESTAMP(6),Column,FALSE,11,DATETIME,12,,,,,,
OracleT2T,CUSTOMER,USAGE_TAR,USAGE_TAR,TAX_ID,12,VARCHAR2,Column,TRUE,40,STRING,5,,true,TAX_ID,,,
OracleT2T,CUSTOMER,USAGE_TAR,USAGE_TAR,UNIT_TYPE,12,VARCHAR2,Column,FALSE,30,STRING,8,,,,,,
OracleT2T,CUSTOMER,USAGE_TAR,USAGE_TAR,USAGE_END_DATE,93,DATE,Column,FALSE,7,DATETIME,10,,,,,,
OracleT2T,CUSTOMER,USAGE_TAR,USAGE_TAR,USAGE_ID,2,NUMBER,Column,FALSE,0,REAL,1,true,,,,true,
OracleT2T,CUSTOMER,USAGE_TAR,USAGE_TAR,USAGE_START_DATE,93,DATE,Column,FALSE,7,DATETIME,9,,,,,,
OracleT2T,CUSTOMER,USAGE_TAR,USAGE_TAR,USAGE_UNITS,2,NUMBER,Column,FALSE,12,REAL,7,,,,,,
OracleT2T,CUSTOMER,USAGE_TAR,USAGE_TAR,USER_EMAIL,12,VARCHAR2,Column,TRUE,320,STRING,3,,true,EMAIL,,,
OracleT2T,CUSTOMER,USAGE_TAR,USAGE_TAR,USER_NAME,12,VARCHAR2,Column,FALSE,200,STRING,2,,true,NAME,,,
OracleT2T,K2MASKING,MASKING_CACHE,MASKING_CACHE,CLONE_ID,12,VARCHAR2,Column,FALSE,255,STRING,7,true,,,,true,
OracleT2T,K2MASKING,MASKING_CACHE,MASKING_CACHE,ENVIRONMENT,12,VARCHAR2,Column,FALSE,255,STRING,1,true,,,,true,
OracleT2T,K2MASKING,MASKING_CACHE,MASKING_CACHE,EXECUTION_ID,12,VARCHAR2,Column,FALSE,255,STRING,2,true,,,,true,
OracleT2T,K2MASKING,MASKING_CACHE,MASKING_CACHE,EXPIRATION_DATE,2,NUMBER,Column,TRUE,19,REAL,8,,true,CREDIT_CARD,,,
OracleT2T,K2MASKING,MASKING_CACHE,MASKING_CACHE,INSTANCE_ID,12,VARCHAR2,Column,FALSE,255,STRING,4,true,,,,true,
OracleT2T,K2MASKING,MASKING_CACHE,MASKING_CACHE,MASKED_VALUE,12,VARCHAR2,Column,TRUE,255,STRING,6,,,,,,
OracleT2T,K2MASKING,MASKING_CACHE,MASKING_CACHE,MASKING_ID,12,VARCHAR2,Column,FALSE,255,STRING,3,true,,,,true,
OracleT2T,K2MASKING,MASKING_CACHE,MASKING_CACHE,ORIGINAL_VALUE_HASH,12,VARCHAR2,Column,FALSE,255,STRING,5,true,true,ORIGIN,,true,
OracleT2T,K2MASKING,MY_TABLE,MY_TABLE,ID,2,NUMBER,Column,FALSE,0,REAL,1,true,,,,true,
OracleT2T,K2MASKING,MY_TABLE,MY_TABLE,NAME,12,VARCHAR2,Column,TRUE,100,STRING,2,,true,NAME,,,
OracleT2T,K2MASKING,MY_TABLES,MY_TABLES,ID,2,NUMBER,Column,FALSE,0,REAL,1,true,,,,true,
OracleT2T,K2MASKING,MY_TABLES,MY_TABLES,NAME,12,VARCHAR2,Column,TRUE,100,STRING,2,,true,NAME,,,
OracleT2T,K2MASKING,TDM_SEQ_MAPPING,TDM_SEQ_MAPPING,COLUMN_NAME,12,VARCHAR2,Column,TRUE,255,STRING,5,,true,NAME,,,
OracleT2T,K2MASKING,TDM_SEQ_MAPPING,TDM_SEQ_MAPPING,IID,12,VARCHAR2,Column,FALSE,255,STRING,8,true,,,,true,
OracleT2T,K2MASKING,TDM_SEQ_MAPPING,TDM_SEQ_MAPPING,LU_TYPE,12,VARCHAR2,Column,FALSE,255,STRING,2,true,,,,true,
OracleT2T,K2MASKING,TDM_SEQ_MAPPING,TDM_SEQ_MAPPING,SEQ_NAME,12,VARCHAR2,Column,FALSE,255,STRING,3,true,true,NAME,,true,
OracleT2T,K2MASKING,TDM_SEQ_MAPPING,TDM_SEQ_MAPPING,SOURCE_VALUE,12,VARCHAR2,Column,TRUE,255,STRING,6,,,,,,
OracleT2T,K2MASKING,TDM_SEQ_MAPPING,TDM_SEQ_MAPPING,TABLE_NAME,12,VARCHAR2,Column,FALSE,255,STRING,4,true,true,NAME,,true,
OracleT2T,K2MASKING,TDM_SEQ_MAPPING,TDM_SEQ_MAPPING,TARGET_VALUE,12,VARCHAR2,Column,FALSE,255,STRING,7,true,,,,true,
OracleT2T,K2MASKING,TDM_SEQ_MAPPING,TDM_SEQ_MAPPING,TASK_EXECUTION_ID,12,VARCHAR2,Column,FALSE,255,STRING,1,true,,,,true,
OracleT2T,K2MASKING,TEST_TABLE,TEST_TABLE,ID,2,NUMBER,Column,FALSE,0,REAL,1,true,,,,true,
OracleT2T,K2MASKING,TEST_TABLE,TEST_TABLE,NAME,12,VARCHAR2,Column,TRUE,100,STRING,2,,true,NAME,,,
OracleT2T,K2MASKING,UNIQUENESS,UNIQUENESS,ENVIRONMENT,12,VARCHAR2,Column,FALSE,255,STRING,1,true,,,,true,
OracleT2T,K2MASKING,UNIQUENESS,UNIQUENESS,EXECUTION_ID,12,VARCHAR2,Column,FALSE,255,STRING,2,true,,,,true,
OracleT2T,K2MASKING,UNIQUENESS,UNIQUENESS,EXPIRATION_DATE,2,NUMBER,Column,TRUE,19,REAL,5,,true,CREDIT_CARD,,,
OracleT2T,K2MASKING,UNIQUENESS,UNIQUENESS,MASKED_VALUE,12,VARCHAR2,Column,FALSE,255,STRING,4,true,true,SOCIAL_SECURITY_NUMBER,,true,
OracleT2T,K2MASKING,UNIQUENESS,UNIQUENESS,MASKING_ID,12,VARCHAR2,Column,FALSE,255,STRING,3,true,,,,true,
Oracle_PROD,CUSTOMER,ACTIVITY,ACTIVITY,ACTIVITY_ID,2,NUMBER,Column,FALSE,0,REAL,1,true,,,,true,
Oracle_PROD,CUSTOMER,ACTIVITY,ACTIVITY,ACTIVITY_TS,93,TIMESTAMP(6),Column,FALSE,11,DATETIME,7,,,,,,
Oracle_PROD,CUSTOMER,ACTIVITY,ACTIVITY,ACTIVITY_TYPE,12,VARCHAR2,Column,FALSE,50,STRING,6,,,,,,
Oracle_PROD,CUSTOMER,ACTIVITY,ACTIVITY,CHANNEL,12,VARCHAR2,Column,TRUE,30,STRING,8,,,,,,
Oracle_PROD,CUSTOMER,ACTIVITY,ACTIVITY,CREATED_AT,93,TIMESTAMP(6),Column,FALSE,11,DATETIME,10,,,,,,
Oracle_PROD,CUSTOMER,ACTIVITY,ACTIVITY,PERSON_EMAIL,12,VARCHAR2,Column,TRUE,320,STRING,3,,true,EMAIL,,,
Oracle_PROD,CUSTOMER,ACTIVITY,ACTIVITY,PERSON_FULL_NAME,12,VARCHAR2,Column,FALSE,200,STRING,2,,true,NAME,,,
Oracle_PROD,CUSTOMER,ACTIVITY,ACTIVITY,PERSON_IP_ADDRESS,12,VARCHAR2,Column,TRUE,45,STRING,5,,true,ADDRESS,,,
Oracle_PROD,CUSTOMER,ACTIVITY,ACTIVITY,PERSON_PHONE,12,VARCHAR2,Column,TRUE,30,STRING,4,,true,TELEPHONE_NUMBER,,,
Oracle_PROD,CUSTOMER,ACTIVITY,ACTIVITY,STATUS,12,VARCHAR2,Column,TRUE,20,STRING,9,,,,,,
Oracle_PROD,CUSTOMER,ACTIVITY_TAR,ACTIVITY_TAR,ACTIVITY_ID,2,NUMBER,Column,FALSE,0,REAL,1,true,,,,true,
Oracle_PROD,CUSTOMER,ACTIVITY_TAR,ACTIVITY_TAR,ACTIVITY_TS,93,TIMESTAMP(6),Column,FALSE,11,DATETIME,7,,,,,,
Oracle_PROD,CUSTOMER,ACTIVITY_TAR,ACTIVITY_TAR,ACTIVITY_TYPE,12,VARCHAR2,Column,FALSE,50,STRING,6,,,,,,
Oracle_PROD,CUSTOMER,ACTIVITY_TAR,ACTIVITY_TAR,CHANNEL,12,VARCHAR2,Column,TRUE,30,STRING,8,,,,,,
Oracle_PROD,CUSTOMER,ACTIVITY_TAR,ACTIVITY_TAR,CREATED_AT,93,TIMESTAMP(6),Column,FALSE,11,DATETIME,10,,,,,,
Oracle_PROD,CUSTOMER,ACTIVITY_TAR,ACTIVITY_TAR,PERSON_EMAIL,12,VARCHAR2,Column,TRUE,320,STRING,3,,true,EMAIL,,,
Oracle_PROD,CUSTOMER,ACTIVITY_TAR,ACTIVITY_TAR,PERSON_FULL_NAME,12,VARCHAR2,Column,FALSE,200,STRING,2,,true,NAME,,,
Oracle_PROD,CUSTOMER,ACTIVITY_TAR,ACTIVITY_TAR,PERSON_IP_ADDRESS,12,VARCHAR2,Column,TRUE,45,STRING,5,,true,ADDRESS,,,
Oracle_PROD,CUSTOMER,ACTIVITY_TAR,ACTIVITY_TAR,PERSON_PHONE,12,VARCHAR2,Column,TRUE,30,STRING,4,,true,TELEPHONE_NUMBER,,,
Oracle_PROD,CUSTOMER,ACTIVITY_TAR,ACTIVITY_TAR,STATUS,12,VARCHAR2,Column,TRUE,20,STRING,9,,,,,,
Oracle_PROD,CUSTOMER,CUSTOMERS,CUSTOMERS,ADDRESS_LINE1,12,VARCHAR2,Column,TRUE,200,STRING,11,,true,ADDRESS,,,
Oracle_PROD,CUSTOMER,CUSTOMERS,CUSTOMERS,ADDRESS_LINE2,12,VARCHAR2,Column,TRUE,200,STRING,12,,true,ADDRESS,,,
Oracle_PROD,CUSTOMER,CUSTOMERS,CUSTOMERS,ALT_EMAIL,12,VARCHAR2,Column,TRUE,254,STRING,6,,,,,,
Oracle_PROD,CUSTOMER,CUSTOMERS,CUSTOMERS,ALT_PHONE,12,VARCHAR2,Column,TRUE,32,STRING,8,,true,TELEPHONE_NUMBER,,,
Oracle_PROD,CUSTOMER,CUSTOMERS,CUSTOMERS,AVATAR_RAW,-3,RAW,Column,TRUE,16,BYTES,33,,,,,,
Oracle_PROD,CUSTOMER,CUSTOMERS,CUSTOMERS,BALANCE,2,NUMBER,Column,TRUE,18,REAL,24,,,,,,
Oracle_PROD,CUSTOMER,CUSTOMERS,CUSTOMERS,CHILDREN_COUNT,2,NUMBER,Column,TRUE,3,REAL,45,,,,,,
Oracle_PROD,CUSTOMER,CUSTOMERS,CUSTOMERS,CITY,12,VARCHAR2,Column,TRUE,120,STRING,13,,true,CITY,,true,
Oracle_PROD,CUSTOMER,CUSTOMERS,CUSTOMERS,COMM_CHANNEL,12,VARCHAR2,Column,TRUE,32,STRING,32,,,,,,
Oracle_PROD,CUSTOMER,CUSTOMERS,CUSTOMERS,COUNTRY,1,CHAR,Column,TRUE,2,STRING,16,,true,COUNTRY,,,
Oracle_PROD,CUSTOMER,CUSTOMERS,CUSTOMERS,CREATED_AT,93,TIMESTAMP(6),Column,TRUE,11,DATETIME,46,,,,,,
Oracle_PROD,CUSTOMER,CUSTOMERS,CUSTOMERS,CREDIT_LIMIT,2,NUMBER,Column,TRUE,18,REAL,25,,,,,,
Oracle_PROD,CUSTOMER,CUSTOMERS,CUSTOMERS,CUSTOMER_ID,2,NUMBER,Column,FALSE,19,REAL,1,true,,,,true,
Oracle_PROD,CUSTOMER,CUSTOMERS,CUSTOMERS,DATE_OF_BIRTH,93,DATE,Column,TRUE,7,DATETIME,10,,,,,,
Oracle_PROD,CUSTOMER,CUSTOMERS,CUSTOMERS,DOUBLE_SCORE,101,BINARY_DOUBLE,Column,TRUE,8,UNKNOWN,42,,,,,,
Oracle_PROD,CUSTOMER,CUSTOMERS,CUSTOMERS,EMAIL,12,VARCHAR2,Column,TRUE,254,STRING,5,,true,EMAIL,,true,
Oracle_PROD,CUSTOMER,CUSTOMERS,CUSTOMERS,FAVORITE_NUMBER,2,NUMBER,Column,TRUE,0,REAL,39,,,,,,
Oracle_PROD,CUSTOMER,CUSTOMERS,CUSTOMERS,FIRST_NAME,12,VARCHAR2,Column,TRUE,100,STRING,2,,true,FIRST_NAME,,,
Oracle_PROD,CUSTOMER,CUSTOMERS,CUSTOMERS,FLOAT_SCORE,100,BINARY_FLOAT,Column,TRUE,4,UNKNOWN,41,,,,,,
Oracle_PROD,CUSTOMER,CUSTOMERS,CUSTOMERS,GENDER,12,VARCHAR2,Column,TRUE,20,STRING,17,,true,GENDER,,,
Oracle_PROD,CUSTOMER,CUSTOMERS,CUSTOMERS,HEIGHT_CM,2,NUMBER,Column,TRUE,5,REAL,43,,,,,,
Oracle_PROD,CUSTOMER,CUSTOMERS,CUSTOMERS,HOME_LAT,2,NUMBER,Column,TRUE,10,REAL,37,,,,,,
Oracle_PROD,CUSTOMER,CUSTOMERS,CUSTOMERS,HOME_LON,2,NUMBER,Column,TRUE,10,REAL,38,,,,,,
Oracle_PROD,CUSTOMER,CUSTOMERS,CUSTOMERS,IS_VIP,1,CHAR,Column,TRUE,1,STRING,28,,,,,,
Oracle_PROD,CUSTOMER,CUSTOMERS,CUSTOMERS,LAST_LOGIN_TS,93,TIMESTAMP(6),Column,TRUE,11,DATETIME,22,,,,,,
Oracle_PROD,CUSTOMER,CUSTOMERS,CUSTOMERS,LAST_LOGIN_TZ,-101,TIMESTAMP(6) WITH TIME ZONE,Column,TRUE,13,UNKNOWN,23,,,,,,
Oracle_PROD,CUSTOMER,CUSTOMERS,CUSTOMERS,LAST_NAME,12,VARCHAR2,Column,TRUE,100,STRING,4,,true,LAST_NAME,,,
Oracle_PROD,CUSTOMER,CUSTOMERS,CUSTOMERS,LOYALTY_POINTS,2,NUMBER,Column,TRUE,10,REAL,27,,,,,,
Oracle_PROD,CUSTOMER,CUSTOMERS,CUSTOMERS,MARITAL_STATUS,12,VARCHAR2,Column,TRUE,20,STRING,18,,,,,,
Oracle_PROD,CUSTOMER,CUSTOMERS,CUSTOMERS,MARKETING_OPT_IN,1,CHAR,Column,TRUE,1,STRING,31,,,,,,
Oracle_PROD,CUSTOMER,CUSTOMERS,CUSTOMERS,MIDDLE_NAME,12,VARCHAR2,Column,TRUE,100,STRING,3,,true,MIDDLE_NAME,,,
Oracle_PROD,CUSTOMER,CUSTOMERS,CUSTOMERS,NATIONAL_ID,12,VARCHAR2,Column,TRUE,64,STRING,19,,true,NATIONAL_ID,,,
Oracle_PROD,CUSTOMER,CUSTOMERS,CUSTOMERS,NOTES,2005,CLOB,Column,TRUE,4000,BYTES,35,,true,NOTES,,,
Oracle_PROD,CUSTOMER,CUSTOMERS,CUSTOMERS,PASSPORT_NO,12,VARCHAR2,Column,TRUE,32,STRING,20,,true,PASSPORT,,,
Oracle_PROD,CUSTOMER,CUSTOMERS,CUSTOMERS,PHONE,12,VARCHAR2,Column,TRUE,32,STRING,7,,true,TELEPHONE_NUMBER,,,
Oracle_PROD,CUSTOMER,CUSTOMERS,CUSTOMERS,POSTAL_CODE,12,VARCHAR2,Column,TRUE,20,STRING,15,,true,POSTAL_CODE,,,
Oracle_PROD,CUSTOMER,CUSTOMERS,CUSTOMERS,PREFERENCES_JSON,2005,CLOB,Column,TRUE,4000,BYTES,36,,,,,,
Oracle_PROD,CUSTOMER,CUSTOMERS,CUSTOMERS,PREFERRED_LANGUAGE,12,VARCHAR2,Column,TRUE,16,STRING,29,,true,LANGUAGE,,,
Oracle_PROD,CUSTOMER,CUSTOMERS,CUSTOMERS,PROFILE_BLOB,2004,BLOB,Column,TRUE,4000,BYTES,34,,,,,,
Oracle_PROD,CUSTOMER,CUSTOMERS,CUSTOMERS,RISK_SCORE,2,NUMBER,Column,TRUE,5,REAL,26,,,,,,
Oracle_PROD,CUSTOMER,CUSTOMERS,CUSTOMERS,ROW_VERSION,2,NUMBER,Column,TRUE,10,REAL,50,,,,,,
Oracle_PROD,CUSTOMER,CUSTOMERS,CUSTOMERS,SIGNUP_DATE,93,DATE,Column,TRUE,7,DATETIME,21,,,,,,
Oracle_PROD,CUSTOMER,CUSTOMERS,CUSTOMERS,SMALL_FLAG,2,NUMBER,Column,TRUE,1,REAL,40,,,,,,
Oracle_PROD,CUSTOMER,CUSTOMERS,CUSTOMERS,SSN,12,VARCHAR2,Column,TRUE,32,STRING,9,,true,SOCIAL_SECURITY_NUMBER,,true,
Oracle_PROD,CUSTOMER,CUSTOMERS,CUSTOMERS,STATE_PROVINCE,12,VARCHAR2,Column,TRUE,120,STRING,14,,true,STATE,,,
Oracle_PROD,CUSTOMER,CUSTOMERS,CUSTOMERS,TIMEZONE,12,VARCHAR2,Column,TRUE,64,STRING,30,,,,,,
Oracle_PROD,CUSTOMER,CUSTOMERS,CUSTOMERS,UPDATED_AT,93,TIMESTAMP(6),Column,TRUE,11,DATETIME,47,,,,,,
Oracle_PROD,CUSTOMER,CUSTOMERS,CUSTOMERS,VALID_FROM,93,TIMESTAMP(6),Column,TRUE,11,DATETIME,48,,,,,,
Oracle_PROD,CUSTOMER,CUSTOMERS,CUSTOMERS,VALID_TO,93,TIMESTAMP(6),Column,TRUE,11,DATETIME,49,,,,,,
Oracle_PROD,CUSTOMER,CUSTOMERS,CUSTOMERS,WEIGHT_KG,2,NUMBER,Column,TRUE,5,REAL,44,,,,,,
Oracle_PROD,CUSTOMER,CUSTOMER_PROFILE,CUSTOMER_PROFILE,CREATED_AT,93,TIMESTAMP(6),Column,FALSE,11,DATETIME,11,,,,,,
Oracle_PROD,CUSTOMER,CUSTOMER_PROFILE,CUSTOMER_PROFILE,CUSTOMER_STATUS,12,VARCHAR2,Column,FALSE,20,STRING,6,,,,,,
Oracle_PROD,CUSTOMER,CUSTOMER_PROFILE,CUSTOMER_PROFILE,EMAIL,12,VARCHAR2,Column,TRUE,320,STRING,3,,true,EMAIL,,,
Oracle_PROD,CUSTOMER,CUSTOMER_PROFILE,CUSTOMER_PROFILE,FULL_NAME,12,VARCHAR2,Column,FALSE,200,STRING,2,,true,FULL_NAME,,,
Oracle_PROD,CUSTOMER,CUSTOMER_PROFILE,CUSTOMER_PROFILE,LAST_LOGIN_TS,93,TIMESTAMP(6),Column,TRUE,11,DATETIME,10,,,,,,
Oracle_PROD,CUSTOMER,CUSTOMER_PROFILE,CUSTOMER_PROFILE,LOYALTY_TIER,12,VARCHAR2,Column,TRUE,20,STRING,9,,,,,,
Oracle_PROD,CUSTOMER,CUSTOMER_PROFILE,CUSTOMER_PROFILE,NATIONAL_ID,12,VARCHAR2,Column,TRUE,50,STRING,5,,true,NATIONAL_ID,,,
Oracle_PROD,CUSTOMER,CUSTOMER_PROFILE,CUSTOMER_PROFILE,PHONE,12,VARCHAR2,Column,TRUE,30,STRING,4,,true,TELEPHONE_NUMBER,,,
Oracle_PROD,CUSTOMER,CUSTOMER_PROFILE,CUSTOMER_PROFILE,PREFERRED_LANGUAGE,12,VARCHAR2,Column,TRUE,10,STRING,8,,true,LANGUAGE,,,
Oracle_PROD,CUSTOMER,CUSTOMER_PROFILE,CUSTOMER_PROFILE,PROFILE_ID,2,NUMBER,Column,FALSE,0,REAL,1,true,,,,true,
Oracle_PROD,CUSTOMER,CUSTOMER_PROFILE,CUSTOMER_PROFILE,SIGNUP_DATE,93,DATE,Column,FALSE,7,DATETIME,7,,,,,,
Oracle_PROD,CUSTOMER,CUSTOMER_PROFILE_TAR,CUSTOMER_PROFILE_TAR,CREATED_AT,93,TIMESTAMP(6),Column,FALSE,11,DATETIME,11,,,,,,
Oracle_PROD,CUSTOMER,CUSTOMER_PROFILE_TAR,CUSTOMER_PROFILE_TAR,CUSTOMER_STATUS,12,VARCHAR2,Column,FALSE,20,STRING,6,,,,,,
Oracle_PROD,CUSTOMER,CUSTOMER_PROFILE_TAR,CUSTOMER_PROFILE_TAR,EMAIL,12,VARCHAR2,Column,TRUE,320,STRING,3,,true,EMAIL,,,
Oracle_PROD,CUSTOMER,CUSTOMER_PROFILE_TAR,CUSTOMER_PROFILE_TAR,FULL_NAME,12,VARCHAR2,Column,FALSE,200,STRING,2,,true,FULL_NAME,,,
Oracle_PROD,CUSTOMER,CUSTOMER_PROFILE_TAR,CUSTOMER_PROFILE_TAR,LAST_LOGIN_TS,93,TIMESTAMP(6),Column,TRUE,11,DATETIME,10,,,,,,
Oracle_PROD,CUSTOMER,CUSTOMER_PROFILE_TAR,CUSTOMER_PROFILE_TAR,LOYALTY_TIER,12,VARCHAR2,Column,TRUE,20,STRING,9,,,,,,
Oracle_PROD,CUSTOMER,CUSTOMER_PROFILE_TAR,CUSTOMER_PROFILE_TAR,NATIONAL_ID,12,VARCHAR2,Column,TRUE,50,STRING,5,,true,NATIONAL_ID,,,
Oracle_PROD,CUSTOMER,CUSTOMER_PROFILE_TAR,CUSTOMER_PROFILE_TAR,PHONE,12,VARCHAR2,Column,TRUE,30,STRING,4,,true,TELEPHONE_NUMBER,,,
Oracle_PROD,CUSTOMER,CUSTOMER_PROFILE_TAR,CUSTOMER_PROFILE_TAR,PREFERRED_LANGUAGE,12,VARCHAR2,Column,TRUE,10,STRING,8,,true,LANGUAGE,,,
Oracle_PROD,CUSTOMER,CUSTOMER_PROFILE_TAR,CUSTOMER_PROFILE_TAR,PROFILE_ID,2,NUMBER,Column,FALSE,0,REAL,1,true,,,,true,
Oracle_PROD,CUSTOMER,CUSTOMER_PROFILE_TAR,CUSTOMER_PROFILE_TAR,SIGNUP_DATE,93,DATE,Column,FALSE,7,DATETIME,7,,,,,,
Oracle_PROD,CUSTOMER,CUSTOMER_SRC,CUSTOMER_SRC,CUSTOMER_ID,12,VARCHAR2,Column,FALSE,100,STRING,1,true,,,,true,
Oracle_PROD,CUSTOMER,CUSTOMER_SRC,CUSTOMER_SRC,FIRST_NAME,12,VARCHAR2,Column,TRUE,100,STRING,3,,true,FIRST_NAME,,,
Oracle_PROD,CUSTOMER,CUSTOMER_SRC,CUSTOMER_SRC,LAST_NAME,12,VARCHAR2,Column,TRUE,100,STRING,4,,true,LAST_NAME,,,
Oracle_PROD,CUSTOMER,CUSTOMER_SRC,CUSTOMER_SRC,SSN,12,VARCHAR2,Column,FALSE,100,STRING,2,true,true,SOCIAL_SECURITY_NUMBER,,true,
Oracle_PROD,CUSTOMER,CUSTOMER_TAR,CUSTOMER_TAR,CUSTOMER_ID,12,VARCHAR2,Column,FALSE,100,STRING,1,true,,,,true,
Oracle_PROD,CUSTOMER,CUSTOMER_TAR,CUSTOMER_TAR,FIRST_NAME,12,VARCHAR2,Column,TRUE,100,STRING,3,,true,FIRST_NAME,,,
Oracle_PROD,CUSTOMER,CUSTOMER_TAR,CUSTOMER_TAR,LAST_NAME,12,VARCHAR2,Column,TRUE,100,STRING,4,,true,LAST_NAME,,,
Oracle_PROD,CUSTOMER,CUSTOMER_TAR,CUSTOMER_TAR,SSN,12,VARCHAR2,Column,FALSE,100,STRING,2,true,true,SOCIAL_SECURITY_NUMBER,,true,
Oracle_PROD,CUSTOMER,DEVICE_INVENTORY,DEVICE_INVENTORY,CREATED_AT,93,TIMESTAMP(6),Column,FALSE,11,DATETIME,13,,,,,,
Oracle_PROD,CUSTOMER,DEVICE_INVENTORY,DEVICE_INVENTORY,DEVICE_ID,2,NUMBER,Column,FALSE,0,REAL,1,true,,,,true,
Oracle_PROD,CUSTOMER,DEVICE_INVENTORY,DEVICE_INVENTORY,DEVICE_SERIAL,12,VARCHAR2,Column,FALSE,80,STRING,5,,,,,true,
Oracle_PROD,CUSTOMER,DEVICE_INVENTORY,DEVICE_INVENTORY,DEVICE_STATUS,12,VARCHAR2,Column,FALSE,20,STRING,12,,,,,,
Oracle_PROD,CUSTOMER,DEVICE_INVENTORY,DEVICE_INVENTORY,DEVICE_TYPE,12,VARCHAR2,Column,FALSE,50,STRING,6,,,,,,
Oracle_PROD,CUSTOMER,DEVICE_INVENTORY,DEVICE_INVENTORY,MANUFACTURER,12,VARCHAR2,Column,TRUE,50,STRING,7,,,,,,
Oracle_PROD,CUSTOMER,DEVICE_INVENTORY,DEVICE_INVENTORY,MODEL,12,VARCHAR2,Column,TRUE,80,STRING,8,,,,,,
Oracle_PROD,CUSTOMER,DEVICE_INVENTORY,DEVICE_INVENTORY,OS_VERSION,12,VARCHAR2,Column,TRUE,40,STRING,9,,,,,,
Oracle_PROD,CUSTOMER,DEVICE_INVENTORY,DEVICE_INVENTORY,OWNER_EMAIL,12,VARCHAR2,Column,TRUE,320,STRING,3,,true,OWNER,,,
Oracle_PROD,CUSTOMER,DEVICE_INVENTORY,DEVICE_INVENTORY,OWNER_NAME,12,VARCHAR2,Column,TRUE,200,STRING,2,,true,OWNER,,,
Oracle_PROD,CUSTOMER,DEVICE_INVENTORY,DEVICE_INVENTORY,OWNER_PHONE,12,VARCHAR2,Column,TRUE,30,STRING,4,,true,OWNER,,,
Oracle_PROD,CUSTOMER,DEVICE_INVENTORY,DEVICE_INVENTORY,PURCHASE_DATE,93,DATE,Column,TRUE,7,DATETIME,10,,,,,,
Oracle_PROD,CUSTOMER,DEVICE_INVENTORY,DEVICE_INVENTORY,WARRANTY_EXPIRY,93,DATE,Column,TRUE,7,DATETIME,11,,,,,,
Oracle_PROD,CUSTOMER,DEVICE_INVENTORY_TAR,DEVICE_INVENTORY_TAR,CREATED_AT,93,TIMESTAMP(6),Column,FALSE,11,DATETIME,13,,,,,,
Oracle_PROD,CUSTOMER,DEVICE_INVENTORY_TAR,DEVICE_INVENTORY_TAR,DEVICE_ID,2,NUMBER,Column,FALSE,0,REAL,1,true,,,,true,
Oracle_PROD,CUSTOMER,DEVICE_INVENTORY_TAR,DEVICE_INVENTORY_TAR,DEVICE_SERIAL,12,VARCHAR2,Column,FALSE,80,STRING,5,,,,,true,
Oracle_PROD,CUSTOMER,DEVICE_INVENTORY_TAR,DEVICE_INVENTORY_TAR,DEVICE_STATUS,12,VARCHAR2,Column,FALSE,20,STRING,12,,,,,,
Oracle_PROD,CUSTOMER,DEVICE_INVENTORY_TAR,DEVICE_INVENTORY_TAR,DEVICE_TYPE,12,VARCHAR2,Column,FALSE,50,STRING,6,,,,,,
Oracle_PROD,CUSTOMER,DEVICE_INVENTORY_TAR,DEVICE_INVENTORY_TAR,MANUFACTURER,12,VARCHAR2,Column,TRUE,50,STRING,7,,,,,,
Oracle_PROD,CUSTOMER,DEVICE_INVENTORY_TAR,DEVICE_INVENTORY_TAR,MODEL,12,VARCHAR2,Column,TRUE,80,STRING,8,,,,,,
Oracle_PROD,CUSTOMER,DEVICE_INVENTORY_TAR,DEVICE_INVENTORY_TAR,OS_VERSION,12,VARCHAR2,Column,TRUE,40,STRING,9,,,,,,
Oracle_PROD,CUSTOMER,DEVICE_INVENTORY_TAR,DEVICE_INVENTORY_TAR,OWNER_EMAIL,12,VARCHAR2,Column,TRUE,320,STRING,3,,true,OWNER,,,
Oracle_PROD,CUSTOMER,DEVICE_INVENTORY_TAR,DEVICE_INVENTORY_TAR,OWNER_NAME,12,VARCHAR2,Column,TRUE,200,STRING,2,,true,OWNER,,,
Oracle_PROD,CUSTOMER,DEVICE_INVENTORY_TAR,DEVICE_INVENTORY_TAR,OWNER_PHONE,12,VARCHAR2,Column,TRUE,30,STRING,4,,true,OWNER,,,
Oracle_PROD,CUSTOMER,DEVICE_INVENTORY_TAR,DEVICE_INVENTORY_TAR,PURCHASE_DATE,93,DATE,Column,TRUE,7,DATETIME,10,,,,,,
Oracle_PROD,CUSTOMER,DEVICE_INVENTORY_TAR,DEVICE_INVENTORY_TAR,WARRANTY_EXPIRY,93,DATE,Column,TRUE,7,DATETIME,11,,,,,,
Oracle_PROD,CUSTOMER,EVENTS,EVENTS,ACCURACY_METERS,2,NUMBER,Column,TRUE,10,REAL,23,,,,,,
Oracle_PROD,CUSTOMER,EVENTS,EVENTS,APP_VERSION,12,VARCHAR2,Column,TRUE,40,STRING,10,,,,,,
Oracle_PROD,CUSTOMER,EVENTS,EVENTS,ATTRIBUTES_JSON,2005,CLOB,Column,TRUE,4000,BYTES,43,,,,,,
Oracle_PROD,CUSTOMER,EVENTS,EVENTS,BROWSER_NAME,12,VARCHAR2,Column,TRUE,40,STRING,15,,true,NAME,,,
Oracle_PROD,CUSTOMER,EVENTS,EVENTS,BROWSER_VERSION,12,VARCHAR2,Column,TRUE,40,STRING,16,,,,,,
Oracle_PROD,CUSTOMER,EVENTS,EVENTS,CITY,12,VARCHAR2,Column,TRUE,120,STRING,19,,true,CITY,,,
Oracle_PROD,CUSTOMER,EVENTS,EVENTS,CLICK_COUNT,2,NUMBER,Column,TRUE,9,REAL,33,,,,,,
Oracle_PROD,CUSTOMER,EVENTS,EVENTS,COLOR_DEPTH,2,NUMBER,Column,TRUE,3,REAL,31,,,,,,
Oracle_PROD,CUSTOMER,EVENTS,EVENTS,CONNECTION_TYPE,12,VARCHAR2,Column,TRUE,20,STRING,27,,,,,,
Oracle_PROD,CUSTOMER,EVENTS,EVENTS,CONSUMER,12,VARCHAR2,Column,TRUE,80,STRING,49,,,,,,
Oracle_PROD,CUSTOMER,EVENTS,EVENTS,COUNTRY,1,CHAR,Column,TRUE,2,STRING,17,,true,COUNTRY,,,
Oracle_PROD,CUSTOMER,EVENTS,EVENTS,CUSTOMER_ID,2,NUMBER,Column,TRUE,19,REAL,2,,,,,true,
Oracle_PROD,CUSTOMER,EVENTS,EVENTS,DEVICE_MODEL,12,VARCHAR2,Column,TRUE,80,STRING,13,,,,,,
Oracle_PROD,CUSTOMER,EVENTS,EVENTS,DEVICE_VENDOR,12,VARCHAR2,Column,TRUE,80,STRING,14,,,,,,
Oracle_PROD,CUSTOMER,EVENTS,EVENTS,ERROR_CODE,12,VARCHAR2,Column,TRUE,40,STRING,35,,,,,,
Oracle_PROD,CUSTOMER,EVENTS,EVENTS,ERROR_MESSAGE,12,VARCHAR2,Column,TRUE,400,STRING,36,,,,,,
Oracle_PROD,CUSTOMER,EVENTS,EVENTS,EVENT_ID,2,NUMBER,Column,FALSE,19,REAL,1,true,,,,true,
Oracle_PROD,CUSTOMER,EVENTS,EVENTS,EVENT_TS,93,TIMESTAMP(6),Column,FALSE,11,DATETIME,4,,,,,true,
Oracle_PROD,CUSTOMER,EVENTS,EVENTS,EVENT_TS_TZ,-101,TIMESTAMP(6) WITH TIME ZONE,Column,TRUE,13,UNKNOWN,5,,,,,,
Oracle_PROD,CUSTOMER,EVENTS,EVENTS,EVENT_TYPE,12,VARCHAR2,Column,TRUE,60,STRING,6,,,,,,
Oracle_PROD,CUSTOMER,EVENTS,EVENTS,EXCEPTION_CLASS,12,VARCHAR2,Column,TRUE,120,STRING,37,,,,,,
Oracle_PROD,CUSTOMER,EVENTS,EVENTS,EXPERIMENT_ID,12,VARCHAR2,Column,TRUE,64,STRING,38,,,,,,
Oracle_PROD,CUSTOMER,EVENTS,EVENTS,HEADERS_CLOB,2005,CLOB,Column,TRUE,4000,BYTES,44,,,,,,
Oracle_PROD,CUSTOMER,EVENTS,EVENTS,INGESTION_TS,93,TIMESTAMP(6),Column,TRUE,11,DATETIME,47,,,,,,
Oracle_PROD,CUSTOMER,EVENTS,EVENTS,IS_MOBILE,1,CHAR,Column,TRUE,1,STRING,25,,true,TELEPHONE_NUMBER,,,
Oracle_PROD,CUSTOMER,EVENTS,EVENTS,IS_VPN,1,CHAR,Column,TRUE,1,STRING,24,,,,,,
Oracle_PROD,CUSTOMER,EVENTS,EVENTS,LANGUAGE,12,VARCHAR2,Column,TRUE,16,STRING,28,,true,LANGUAGE,,,
Oracle_PROD,CUSTOMER,EVENTS,EVENTS,LATITUDE,2,NUMBER,Column,TRUE,10,REAL,21,,true,LATITUDE,,,
Oracle_PROD,CUSTOMER,EVENTS,EVENTS,LONGITUDE,2,NUMBER,Column,TRUE,10,REAL,22,,true,LONGITUDE,,,
Oracle_PROD,CUSTOMER,EVENTS,EVENTS,NETWORK_CARRIER,12,VARCHAR2,Column,TRUE,80,STRING,26,,,,,,
Oracle_PROD,CUSTOMER,EVENTS,EVENTS,OFFSET_NUM,2,NUMBER,Column,TRUE,20,REAL,51,,,,,,
Oracle_PROD,CUSTOMER,EVENTS,EVENTS,OS_NAME,12,VARCHAR2,Column,TRUE,40,STRING,11,,true,NAME,,,
Oracle_PROD,CUSTOMER,EVENTS,EVENTS,OS_VERSION,12,VARCHAR2,Column,TRUE,40,STRING,12,,,,,,
Oracle_PROD,CUSTOMER,EVENTS,EVENTS,PAGE_URL,12,VARCHAR2,Column,TRUE,1000,STRING,8,,,,,,
Oracle_PROD,CUSTOMER,EVENTS,EVENTS,PARTITION_KEY,12,VARCHAR2,Column,TRUE,64,STRING,50,,,,,,
Oracle_PROD,CUSTOMER,EVENTS,EVENTS,PAYLOAD_BLOB,2004,BLOB,Column,TRUE,4000,BYTES,45,,,,,,
Oracle_PROD,CUSTOMER,EVENTS,EVENTS,PRODUCER,12,VARCHAR2,Column,TRUE,80,STRING,48,,,,,,
Oracle_PROD,CUSTOMER,EVENTS,EVENTS,RAW_SIG,-3,RAW,Column,TRUE,16,BYTES,46,,,,,,
Oracle_PROD,CUSTOMER,EVENTS,EVENTS,REFERRER_URL,12,VARCHAR2,Column,TRUE,1000,STRING,9,,,,,,
Oracle_PROD,CUSTOMER,EVENTS,EVENTS,REGION,12,VARCHAR2,Column,TRUE,120,STRING,18,,,,,,
Oracle_PROD,CUSTOMER,EVENTS,EVENTS,SCREEN_HEIGHT,2,NUMBER,Column,TRUE,6,REAL,30,,,,,,
Oracle_PROD,CUSTOMER,EVENTS,EVENTS,SCREEN_WIDTH,2,NUMBER,Column,TRUE,6,REAL,29,,,,,,
Oracle_PROD,CUSTOMER,EVENTS,EVENTS,SCROLL_DEPTH_PCT,2,NUMBER,Column,TRUE,5,REAL,34,,,,,,
Oracle_PROD,CUSTOMER,EVENTS,EVENTS,SESSION_DURATION_MS,2,NUMBER,Column,TRUE,12,REAL,42,,,,,,
Oracle_PROD,CUSTOMER,EVENTS,EVENTS,SESSION_END_TS,93,TIMESTAMP(6),Column,TRUE,11,DATETIME,41,,,,,,
Oracle_PROD,CUSTOMER,EVENTS,EVENTS,SESSION_ID,12,VARCHAR2,Column,TRUE,64,STRING,3,,,,,,
Oracle_PROD,CUSTOMER,EVENTS,EVENTS,SESSION_START_TS,93,TIMESTAMP(6),Column,TRUE,11,DATETIME,40,,,,,,
Oracle_PROD,CUSTOMER,EVENTS,EVENTS,SSN,12,VARCHAR2,Column,TRUE,32,STRING,52,,true,SOCIAL_SECURITY_NUMBER,,,
Oracle_PROD,CUSTOMER,EVENTS,EVENTS,SUBTYPE,12,VARCHAR2,Column,TRUE,60,STRING,7,,,,,,
Oracle_PROD,CUSTOMER,EVENTS,EVENTS,TIME_ON_PAGE_MS,2,NUMBER,Column,TRUE,12,REAL,32,,,,,,
Oracle_PROD,CUSTOMER,EVENTS,EVENTS,VARIANT_ID,12,VARCHAR2,Column,TRUE,64,STRING,39,,,,,,
Oracle_PROD,CUSTOMER,EVENTS,EVENTS,ZIP,12,VARCHAR2,Column,TRUE,20,STRING,20,,true,POSTAL_CODE,,,
Oracle_PROD,CUSTOMER,ORDERS,ORDERS,AFFILIATE_ID,12,VARCHAR2,Column,TRUE,64,STRING,24,,true,AFFILIATE_ID,,,
Oracle_PROD,CUSTOMER,ORDERS,ORDERS,AMOUNT,2,NUMBER,Column,FALSE,18,REAL,6,,,,,,
Oracle_PROD,CUSTOMER,ORDERS,ORDERS,BILLING_ADDR1,12,VARCHAR2,Column,TRUE,200,STRING,37,,true,ADDRESS,,,
Oracle_PROD,CUSTOMER,ORDERS,ORDERS,BILLING_ADDR2,12,VARCHAR2,Column,TRUE,200,STRING,38,,true,ADDRESS,,,
Oracle_PROD,CUSTOMER,ORDERS,ORDERS,BILLING_CITY,12,VARCHAR2,Column,TRUE,120,STRING,39,,,,,,
Oracle_PROD,CUSTOMER,ORDERS,ORDERS,BILLING_COUNTRY,1,CHAR,Column,TRUE,2,STRING,42,,,,,,
Oracle_PROD,CUSTOMER,ORDERS,ORDERS,BILLING_POSTAL_CODE,12,VARCHAR2,Column,TRUE,20,STRING,41,,true,POSTAL_CODE,,,
Oracle_PROD,CUSTOMER,ORDERS,ORDERS,BILLING_STATE,12,VARCHAR2,Column,TRUE,120,STRING,40,,,,,,
Oracle_PROD,CUSTOMER,ORDERS,ORDERS,CANCELLED_AT,93,TIMESTAMP(6),Column,TRUE,11,DATETIME,50,,,,,,
Oracle_PROD,CUSTOMER,ORDERS,ORDERS,CARD_BIN,1,CHAR,Column,TRUE,6,STRING,15,,,,,,
Oracle_PROD,CUSTOMER,ORDERS,ORDERS,CARD_BRAND,12,VARCHAR2,Column,TRUE,40,STRING,13,,,,,,
Oracle_PROD,CUSTOMER,ORDERS,ORDERS,CARD_EXP_MONTH,2,NUMBER,Column,TRUE,2,REAL,16,,,,,,
Oracle_PROD,CUSTOMER,ORDERS,ORDERS,CARD_EXP_YEAR,2,NUMBER,Column,TRUE,4,REAL,17,,,,,,
Oracle_PROD,CUSTOMER,ORDERS,ORDERS,CARD_LAST4,1,CHAR,Column,TRUE,4,STRING,14,,,,,,
Oracle_PROD,CUSTOMER,ORDERS,ORDERS,CHANNEL,12,VARCHAR2,Column,TRUE,40,STRING,22,,,,,,
Oracle_PROD,CUSTOMER,ORDERS,ORDERS,CREATED_AT,93,TIMESTAMP(6),Column,TRUE,11,DATETIME,48,,,,,,
Oracle_PROD,CUSTOMER,ORDERS,ORDERS,CURRENCY,1,CHAR,Column,FALSE,3,STRING,10,,,,,,
Oracle_PROD,CUSTOMER,ORDERS,ORDERS,CUSTOMER_ID,2,NUMBER,Column,FALSE,19,REAL,2,,,,,true,
Oracle_PROD,CUSTOMER,ORDERS,ORDERS,DEVICE_FINGERPRINT,12,VARCHAR2,Column,TRUE,128,STRING,20,,,,,,
Oracle_PROD,CUSTOMER,ORDERS,ORDERS,DEVICE_ID,12,VARCHAR2,Column,TRUE,64,STRING,19,,,,,,
Oracle_PROD,CUSTOMER,ORDERS,ORDERS,DISCOUNT_AMOUNT,2,NUMBER,Column,TRUE,18,REAL,8,,,,,,
Oracle_PROD,CUSTOMER,ORDERS,ORDERS,FRAUD_SCORE,2,NUMBER,Column,TRUE,5,REAL,28,,,,,,
Oracle_PROD,CUSTOMER,ORDERS,ORDERS,GEO_LAT,2,NUMBER,Column,TRUE,10,REAL,29,,,,,,
Oracle_PROD,CUSTOMER,ORDERS,ORDERS,GEO_LON,2,NUMBER,Column,TRUE,10,REAL,30,,,,,,
Oracle_PROD,CUSTOMER,ORDERS,ORDERS,GIFT_WRAP,1,CHAR,Column,TRUE,1,STRING,43,,,,,,
Oracle_PROD,CUSTOMER,ORDERS,ORDERS,IP_ADDRESS,12,VARCHAR2,Column,TRUE,45,STRING,18,,true,IP_ADDRESS,,,
Oracle_PROD,CUSTOMER,ORDERS,ORDERS,IS_GIFT,1,CHAR,Column,TRUE,1,STRING,44,,,,,,
Oracle_PROD,CUSTOMER,ORDERS,ORDERS,ITEMS_COUNT,2,NUMBER,Column,TRUE,9,REAL,27,,,,,,
Oracle_PROD,CUSTOMER,ORDERS,ORDERS,MERCHANT_ID,12,VARCHAR2,Column,TRUE,64,STRING,25,,,,,,
Oracle_PROD,CUSTOMER,ORDERS,ORDERS,ORDER_DATE,93,DATE,Column,TRUE,7,DATETIME,5,,,,,,
Oracle_PROD,CUSTOMER,ORDERS,ORDERS,ORDER_ID,2,NUMBER,Column,FALSE,19,REAL,1,true,,,,true,
Oracle_PROD,CUSTOMER,ORDERS,ORDERS,ORDER_TS,93,TIMESTAMP(6),Column,FALSE,11,DATETIME,3,,,,,true,
Oracle_PROD,CUSTOMER,ORDERS,ORDERS,ORDER_TS_TZ,-101,TIMESTAMP(6) WITH TIME ZONE,Column,TRUE,13,UNKNOWN,4,,,,,,
Oracle_PROD,CUSTOMER,ORDERS,ORDERS,PAYMENT_METHOD,12,VARCHAR2,Column,TRUE,40,STRING,12,,true,CREDIT_CARD,,,
Oracle_PROD,CUSTOMER,ORDERS,ORDERS,PROMO_CODE,12,VARCHAR2,Column,TRUE,40,STRING,23,,,,,,
Oracle_PROD,CUSTOMER,ORDERS,ORDERS,REFERENCE_ID,12,VARCHAR2,Column,TRUE,64,STRING,46,,,,,,
Oracle_PROD,CUSTOMER,ORDERS,ORDERS,RETURN_WINDOW_DAYS,2,NUMBER,Column,TRUE,3,REAL,51,,,,,,
Oracle_PROD,CUSTOMER,ORDERS,ORDERS,SHIPPING_ADDR1,12,VARCHAR2,Column,TRUE,200,STRING,31,,true,ADDRESS,,,
Oracle_PROD,CUSTOMER,ORDERS,ORDERS,SHIPPING_ADDR2,12,VARCHAR2,Column,TRUE,200,STRING,32,,true,ADDRESS,,,
Oracle_PROD,CUSTOMER,ORDERS,ORDERS,SHIPPING_CITY,12,VARCHAR2,Column,TRUE,120,STRING,33,,,,,,
Oracle_PROD,CUSTOMER,ORDERS,ORDERS,SHIPPING_COUNTRY,1,CHAR,Column,TRUE,2,STRING,36,,,,,,
Oracle_PROD,CUSTOMER,ORDERS,ORDERS,SHIPPING_FEE,2,NUMBER,Column,TRUE,18,REAL,9,,,,,,
Oracle_PROD,CUSTOMER,ORDERS,ORDERS,SHIPPING_POSTAL_CODE,12,VARCHAR2,Column,TRUE,20,STRING,35,,true,POSTAL_CODE,,,
Oracle_PROD,CUSTOMER,ORDERS,ORDERS,SHIPPING_STATE,12,VARCHAR2,Column,TRUE,120,STRING,34,,,,,,
Oracle_PROD,CUSTOMER,ORDERS,ORDERS,SPECIAL_INSTRUCTIONS,2005,CLOB,Column,TRUE,4000,BYTES,45,,,,,,
Oracle_PROD,CUSTOMER,ORDERS,ORDERS,SSN,12,VARCHAR2,Column,TRUE,32,STRING,47,,true,SOCIAL_SECURITY_NUMBER,,,
Oracle_PROD,CUSTOMER,ORDERS,ORDERS,STATUS,12,VARCHAR2,Column,TRUE,40,STRING,11,,,,,,
Oracle_PROD,CUSTOMER,ORDERS,ORDERS,STORE_ID,12,VARCHAR2,Column,TRUE,64,STRING,26,,,,,,
Oracle_PROD,CUSTOMER,ORDERS,ORDERS,TAX_AMOUNT,2,NUMBER,Column,TRUE,18,REAL,7,,,,,,
Oracle_PROD,CUSTOMER,ORDERS,ORDERS,UPDATED_AT,93,TIMESTAMP(6),Column,TRUE,11,DATETIME,49,,,,,,
Oracle_PROD,CUSTOMER,ORDERS,ORDERS,USER_AGENT,12,VARCHAR2,Column,TRUE,400,STRING,21,,,,,,
Oracle_PROD,CUSTOMER,ORDERS,ORDERS,VERSION,2,NUMBER,Column,TRUE,10,REAL,52,,,,,,
Oracle_PROD,CUSTOMER,SUPPORT_TICKET,SUPPORT_TICKET,CREATED_TS,93,TIMESTAMP(6),Column,FALSE,11,DATETIME,9,,,,,,
Oracle_PROD,CUSTOMER,SUPPORT_TICKET,SUPPORT_TICKET,DESCRIPTION,2005,CLOB,Column,TRUE,4000,BYTES,6,,,,,,
Oracle_PROD,CUSTOMER,SUPPORT_TICKET,SUPPORT_TICKET,PRIORITY,12,VARCHAR2,Column,FALSE,10,STRING,7,,,,,,
Oracle_PROD,CUSTOMER,SUPPORT_TICKET,SUPPORT_TICKET,REPORTER_EMAIL,12,VARCHAR2,Column,TRUE,320,STRING,3,,true,EMAIL,,,
Oracle_PROD,CUSTOMER,SUPPORT_TICKET,SUPPORT_TICKET,REPORTER_NAME,12,VARCHAR2,Column,FALSE,200,STRING,2,,true,NAME,,,
Oracle_PROD,CUSTOMER,SUPPORT_TICKET,SUPPORT_TICKET,REPORTER_PHONE,12,VARCHAR2,Column,TRUE,30,STRING,4,,true,TELEPHONE_NUMBER,,,
Oracle_PROD,CUSTOMER,SUPPORT_TICKET,SUPPORT_TICKET,RESOLUTION_NOTES,12,VARCHAR2,Column,TRUE,2000,STRING,11,,true,NOTES,,,
Oracle_PROD,CUSTOMER,SUPPORT_TICKET,SUPPORT_TICKET,STATUS,12,VARCHAR2,Column,FALSE,20,STRING,8,,,,,,
Oracle_PROD,CUSTOMER,SUPPORT_TICKET,SUPPORT_TICKET,SUBJECT,12,VARCHAR2,Column,FALSE,300,STRING,5,,,,,,
Oracle_PROD,CUSTOMER,SUPPORT_TICKET,SUPPORT_TICKET,TICKET_ID,2,NUMBER,Column,FALSE,0,REAL,1,true,,,,true,
Oracle_PROD,CUSTOMER,SUPPORT_TICKET,SUPPORT_TICKET,UPDATED_TS,93,TIMESTAMP(6),Column,TRUE,11,DATETIME,10,,,,,,
Oracle_PROD,CUSTOMER,SUPPORT_TICKET_TAR,SUPPORT_TICKET_TAR,CREATED_TS,93,TIMESTAMP(6),Column,FALSE,11,DATETIME,8,,,,,,
Oracle_PROD,CUSTOMER,SUPPORT_TICKET_TAR,SUPPORT_TICKET_TAR,PRIORITY,12,VARCHAR2,Column,FALSE,10,STRING,6,,,,,,
Oracle_PROD,CUSTOMER,SUPPORT_TICKET_TAR,SUPPORT_TICKET_TAR,REPORTER_EMAIL,12,VARCHAR2,Column,TRUE,320,STRING,3,,true,EMAIL,,,
Oracle_PROD,CUSTOMER,SUPPORT_TICKET_TAR,SUPPORT_TICKET_TAR,REPORTER_NAME,12,VARCHAR2,Column,FALSE,200,STRING,2,,true,NAME,,,
Oracle_PROD,CUSTOMER,SUPPORT_TICKET_TAR,SUPPORT_TICKET_TAR,REPORTER_PHONE,12,VARCHAR2,Column,TRUE,30,STRING,4,,true,TELEPHONE_NUMBER,,,
Oracle_PROD,CUSTOMER,SUPPORT_TICKET_TAR,SUPPORT_TICKET_TAR,RESOLUTION_NOTES,12,VARCHAR2,Column,TRUE,2000,STRING,10,,true,NOTES,,,
Oracle_PROD,CUSTOMER,SUPPORT_TICKET_TAR,SUPPORT_TICKET_TAR,STATUS,12,VARCHAR2,Column,FALSE,20,STRING,7,,,,,,
Oracle_PROD,CUSTOMER,SUPPORT_TICKET_TAR,SUPPORT_TICKET_TAR,SUBJECT,12,VARCHAR2,Column,FALSE,300,STRING,5,,,,,,
Oracle_PROD,CUSTOMER,SUPPORT_TICKET_TAR,SUPPORT_TICKET_TAR,TICKET_ID,2,NUMBER,Column,FALSE,0,REAL,1,true,,,,true,
Oracle_PROD,CUSTOMER,SUPPORT_TICKET_TAR,SUPPORT_TICKET_TAR,UPDATED_TS,93,TIMESTAMP(6),Column,TRUE,11,DATETIME,9,,,,,,
Oracle_PROD,CUSTOMER,TEST_TABLE,TEST_TABLE,CUSTOMER_ID,2,NUMBER,Column,FALSE,38,REAL,1,true,,,,true,
Oracle_PROD,CUSTOMER,TEST_TABLE,TEST_TABLE,FIRST_NAME,12,VARCHAR2,Column,TRUE,50,STRING,3,,true,FIRST_NAME,,,
Oracle_PROD,CUSTOMER,TEST_TABLE,TEST_TABLE,LAST_NAME,12,VARCHAR2,Column,TRUE,50,STRING,4,,true,LAST_NAME,,,
Oracle_PROD,CUSTOMER,TEST_TABLE,TEST_TABLE,SSN,12,VARCHAR2,Column,TRUE,50,STRING,2,,true,SOCIAL_SECURITY_NUMBER,,,
Oracle_PROD,CUSTOMER,TEST_TABLE_SRC,TEST_TABLE_SRC,CUSTOMER_ID,12,VARCHAR2,Column,FALSE,50,STRING,1,true,,,,true,
Oracle_PROD,CUSTOMER,TEST_TABLE_SRC,TEST_TABLE_SRC,FIRST_NAME,12,VARCHAR2,Column,TRUE,50,STRING,3,,true,FIRST_NAME,,,
Oracle_PROD,CUSTOMER,TEST_TABLE_SRC,TEST_TABLE_SRC,LAST_NAME,12,VARCHAR2,Column,TRUE,50,STRING,4,,true,LAST_NAME,,,
Oracle_PROD,CUSTOMER,TEST_TABLE_SRC,TEST_TABLE_SRC,SSN,12,VARCHAR2,Column,TRUE,50,STRING,2,,true,SOCIAL_SECURITY_NUMBER,,,
Oracle_PROD,CUSTOMER,TEST_TABLE_TAR,TEST_TABLE_TAR,CUSTOMER_ID,12,VARCHAR2,Column,FALSE,50,STRING,1,true,,,,true,
Oracle_PROD,CUSTOMER,TEST_TABLE_TAR,TEST_TABLE_TAR,FIRST_NAME,12,VARCHAR2,Column,TRUE,50,STRING,3,,true,FIRST_NAME,,,
Oracle_PROD,CUSTOMER,TEST_TABLE_TAR,TEST_TABLE_TAR,LAST_NAME,12,VARCHAR2,Column,TRUE,50,STRING,4,,true,LAST_NAME,,,
Oracle_PROD,CUSTOMER,TEST_TABLE_TAR,TEST_TABLE_TAR,SSN,12,VARCHAR2,Column,TRUE,50,STRING,2,,true,SOCIAL_SECURITY_NUMBER,,,
Oracle_PROD,CUSTOMER,TMP_ENTITY_INCLUSION,TMP_ENTITY_INCLUSION,CUSTOMER_ID,12,VARCHAR2,Column,TRUE,81,STRING,1,,,,,,
Oracle_PROD,CUSTOMER,TRANSACTIONS,TRANSACTIONS,ACCOUNT_HOLDER_EMAIL,12,VARCHAR2,Column,TRUE,320,STRING,3,,true,EMAIL,,,
Oracle_PROD,CUSTOMER,TRANSACTIONS,TRANSACTIONS,ACCOUNT_HOLDER_NAME,12,VARCHAR2,Column,FALSE,200,STRING,2,,true,NAME,,,
Oracle_PROD,CUSTOMER,TRANSACTIONS,TRANSACTIONS,ACCOUNT_HOLDER_PHONE,12,VARCHAR2,Column,TRUE,30,STRING,4,,true,TELEPHONE_NUMBER,,,
Oracle_PROD,CUSTOMER,TRANSACTIONS,TRANSACTIONS,AMOUNT,2,NUMBER,Column,FALSE,12,REAL,10,,,,,,
Oracle_PROD,CUSTOMER,TRANSACTIONS,TRANSACTIONS,BILLING_ADDRESS,12,VARCHAR2,Column,TRUE,500,STRING,5,,true,ADDRESS,,,
Oracle_PROD,CUSTOMER,TRANSACTIONS,TRANSACTIONS,CURRENCY_CODE,1,CHAR,Column,FALSE,3,STRING,9,,,,,,
Oracle_PROD,CUSTOMER,TRANSACTIONS,TRANSACTIONS,FEE_AMOUNT,2,NUMBER,Column,FALSE,12,REAL,11,,,,,,
Oracle_PROD,CUSTOMER,TRANSACTIONS,TRANSACTIONS,MERCHANT_CATEGORY,12,VARCHAR2,Column,TRUE,50,STRING,14,,,,,,
Oracle_PROD,CUSTOMER,TRANSACTIONS,TRANSACTIONS,NET_AMOUNT,2,NUMBER,Column,TRUE,12,REAL,12,,,,,,
Oracle_PROD,CUSTOMER,TRANSACTIONS,TRANSACTIONS,NOTES,12,VARCHAR2,Column,TRUE,1000,STRING,15,,true,NOTES,,,
Oracle_PROD,CUSTOMER,TRANSACTIONS,TRANSACTIONS,PAYMENT_METHOD,12,VARCHAR2,Column,FALSE,30,STRING,8,,true,CREDIT_CARD,,,
Oracle_PROD,CUSTOMER,TRANSACTIONS,TRANSACTIONS,TRANSACTION_DATE,93,DATE,Column,FALSE,7,DATETIME,7,,,,,,
Oracle_PROD,CUSTOMER,TRANSACTIONS,TRANSACTIONS,TRANSACTION_ID,2,NUMBER,Column,FALSE,0,REAL,1,true,,,,true,
Oracle_PROD,CUSTOMER,TRANSACTIONS,TRANSACTIONS,TRANSACTION_REF,12,VARCHAR2,Column,FALSE,60,STRING,6,,,,,true,
Oracle_PROD,CUSTOMER,TRANSACTIONS,TRANSACTIONS,TRANSACTION_STATUS,12,VARCHAR2,Column,FALSE,20,STRING,13,,,,,,
Oracle_PROD,CUSTOMER,TRANSACTIONS_TAR,TRANSACTIONS_TAR,ACCOUNT_HOLDER_EMAIL,12,VARCHAR2,Column,TRUE,320,STRING,3,,true,EMAIL,,,
Oracle_PROD,CUSTOMER,TRANSACTIONS_TAR,TRANSACTIONS_TAR,ACCOUNT_HOLDER_NAME,12,VARCHAR2,Column,FALSE,200,STRING,2,,true,NAME,,,
Oracle_PROD,CUSTOMER,TRANSACTIONS_TAR,TRANSACTIONS_TAR,ACCOUNT_HOLDER_PHONE,12,VARCHAR2,Column,TRUE,30,STRING,4,,true,TELEPHONE_NUMBER,,,
Oracle_PROD,CUSTOMER,TRANSACTIONS_TAR,TRANSACTIONS_TAR,AMOUNT,2,NUMBER,Column,FALSE,12,REAL,10,,,,,,
Oracle_PROD,CUSTOMER,TRANSACTIONS_TAR,TRANSACTIONS_TAR,BILLING_ADDRESS,12,VARCHAR2,Column,TRUE,500,STRING,5,,true,ADDRESS,,,
Oracle_PROD,CUSTOMER,TRANSACTIONS_TAR,TRANSACTIONS_TAR,CURRENCY_CODE,1,CHAR,Column,FALSE,3,STRING,9,,,,,,
Oracle_PROD,CUSTOMER,TRANSACTIONS_TAR,TRANSACTIONS_TAR,FEE_AMOUNT,2,NUMBER,Column,FALSE,12,REAL,11,,,,,,
Oracle_PROD,CUSTOMER,TRANSACTIONS_TAR,TRANSACTIONS_TAR,MERCHANT_CATEGORY,12,VARCHAR2,Column,TRUE,50,STRING,14,,,,,,
Oracle_PROD,CUSTOMER,TRANSACTIONS_TAR,TRANSACTIONS_TAR,NET_AMOUNT,2,NUMBER,Column,TRUE,12,REAL,12,,,,,,
Oracle_PROD,CUSTOMER,TRANSACTIONS_TAR,TRANSACTIONS_TAR,NOTES,12,VARCHAR2,Column,TRUE,1000,STRING,15,,true,NOTES,,,
Oracle_PROD,CUSTOMER,TRANSACTIONS_TAR,TRANSACTIONS_TAR,PAYMENT_METHOD,12,VARCHAR2,Column,FALSE,30,STRING,8,,true,CREDIT_CARD,,,
Oracle_PROD,CUSTOMER,TRANSACTIONS_TAR,TRANSACTIONS_TAR,TRANSACTION_DATE,93,DATE,Column,FALSE,7,DATETIME,7,,,,,,
Oracle_PROD,CUSTOMER,TRANSACTIONS_TAR,TRANSACTIONS_TAR,TRANSACTION_ID,2,NUMBER,Column,FALSE,0,REAL,1,true,,,,true,
Oracle_PROD,CUSTOMER,TRANSACTIONS_TAR,TRANSACTIONS_TAR,TRANSACTION_REF,12,VARCHAR2,Column,FALSE,60,STRING,6,,,,,true,
Oracle_PROD,CUSTOMER,TRANSACTIONS_TAR,TRANSACTIONS_TAR,TRANSACTION_STATUS,12,VARCHAR2,Column,FALSE,20,STRING,13,,,,,,
Oracle_PROD,CUSTOMER,USAGE,USAGE,BILLING_ADDRESS,12,VARCHAR2,Column,TRUE,500,STRING,4,,true,ADDRESS,,,
Oracle_PROD,CUSTOMER,USAGE,USAGE,PLAN_TIER,12,VARCHAR2,Column,TRUE,30,STRING,11,,,,,,
Oracle_PROD,CUSTOMER,USAGE,USAGE,PRODUCT_CODE,12,VARCHAR2,Column,FALSE,50,STRING,6,,,,,,
Oracle_PROD,CUSTOMER,USAGE,USAGE,RECORDED_AT,93,TIMESTAMP(6),Column,FALSE,11,DATETIME,12,,,,,,
Oracle_PROD,CUSTOMER,USAGE,USAGE,TAX_ID,12,VARCHAR2,Column,TRUE,40,STRING,5,,true,TAX_ID,,,
Oracle_PROD,CUSTOMER,USAGE,USAGE,UNIT_TYPE,12,VARCHAR2,Column,FALSE,30,STRING,8,,,,,,
Oracle_PROD,CUSTOMER,USAGE,USAGE,USAGE_END_DATE,93,DATE,Column,FALSE,7,DATETIME,10,,,,,,
Oracle_PROD,CUSTOMER,USAGE,USAGE,USAGE_ID,2,NUMBER,Column,FALSE,0,REAL,1,true,,,,true,
Oracle_PROD,CUSTOMER,USAGE,USAGE,USAGE_START_DATE,93,DATE,Column,FALSE,7,DATETIME,9,,,,,,
Oracle_PROD,CUSTOMER,USAGE,USAGE,USAGE_UNITS,2,NUMBER,Column,FALSE,12,REAL,7,,,,,,
Oracle_PROD,CUSTOMER,USAGE,USAGE,USER_EMAIL,12,VARCHAR2,Column,TRUE,320,STRING,3,,true,EMAIL,,,
Oracle_PROD,CUSTOMER,USAGE,USAGE,USER_NAME,12,VARCHAR2,Column,FALSE,200,STRING,2,,true,NAME,,,
Oracle_PROD,CUSTOMER,USAGE_TAR,USAGE_TAR,BILLING_ADDRESS,12,VARCHAR2,Column,TRUE,500,STRING,4,,true,ADDRESS,,,
Oracle_PROD,CUSTOMER,USAGE_TAR,USAGE_TAR,PLAN_TIER,12,VARCHAR2,Column,TRUE,30,STRING,11,,,,,,
Oracle_PROD,CUSTOMER,USAGE_TAR,USAGE_TAR,PRODUCT_CODE,12,VARCHAR2,Column,FALSE,50,STRING,6,,,,,,
Oracle_PROD,CUSTOMER,USAGE_TAR,USAGE_TAR,RECORDED_AT,93,TIMESTAMP(6),Column,FALSE,11,DATETIME,12,,,,,,
Oracle_PROD,CUSTOMER,USAGE_TAR,USAGE_TAR,TAX_ID,12,VARCHAR2,Column,TRUE,40,STRING,5,,true,TAX_ID,,,
Oracle_PROD,CUSTOMER,USAGE_TAR,USAGE_TAR,UNIT_TYPE,12,VARCHAR2,Column,FALSE,30,STRING,8,,,,,,
Oracle_PROD,CUSTOMER,USAGE_TAR,USAGE_TAR,USAGE_END_DATE,93,DATE,Column,FALSE,7,DATETIME,10,,,,,,
Oracle_PROD,CUSTOMER,USAGE_TAR,USAGE_TAR,USAGE_ID,2,NUMBER,Column,FALSE,0,REAL,1,true,,,,true,
Oracle_PROD,CUSTOMER,USAGE_TAR,USAGE_TAR,USAGE_START_DATE,93,DATE,Column,FALSE,7,DATETIME,9,,,,,,
Oracle_PROD,CUSTOMER,USAGE_TAR,USAGE_TAR,USAGE_UNITS,2,NUMBER,Column,FALSE,12,REAL,7,,,,,,
Oracle_PROD,CUSTOMER,USAGE_TAR,USAGE_TAR,USER_EMAIL,12,VARCHAR2,Column,TRUE,320,STRING,3,,true,EMAIL,,,
Oracle_PROD,CUSTOMER,USAGE_TAR,USAGE_TAR,USER_NAME,12,VARCHAR2,Column,FALSE,200,STRING,2,,true,NAME,,,
Oracle_PROD,K2MASKING,MASKING_CACHE,MASKING_CACHE,CLONE_ID,12,VARCHAR2,Column,FALSE,255,STRING,7,true,,,,true,
Oracle_PROD,K2MASKING,MASKING_CACHE,MASKING_CACHE,ENVIRONMENT,12,VARCHAR2,Column,FALSE,255,STRING,1,true,,,,true,
Oracle_PROD,K2MASKING,MASKING_CACHE,MASKING_CACHE,EXECUTION_ID,12,VARCHAR2,Column,FALSE,255,STRING,2,true,,,,true,
Oracle_PROD,K2MASKING,MASKING_CACHE,MASKING_CACHE,EXPIRATION_DATE,2,NUMBER,Column,TRUE,19,REAL,8,,true,CREDIT_CARD,,,
Oracle_PROD,K2MASKING,MASKING_CACHE,MASKING_CACHE,INSTANCE_ID,12,VARCHAR2,Column,FALSE,255,STRING,4,true,,,,true,
Oracle_PROD,K2MASKING,MASKING_CACHE,MASKING_CACHE,MASKED_VALUE,12,VARCHAR2,Column,TRUE,255,STRING,6,,,,,,
Oracle_PROD,K2MASKING,MASKING_CACHE,MASKING_CACHE,MASKING_ID,12,VARCHAR2,Column,FALSE,255,STRING,3,true,,,,true,
Oracle_PROD,K2MASKING,MASKING_CACHE,MASKING_CACHE,ORIGINAL_VALUE_HASH,12,VARCHAR2,Column,FALSE,255,STRING,5,true,true,ORIGIN,,true,
Oracle_PROD,K2MASKING,MY_TABLE,MY_TABLE,ID,2,NUMBER,Column,FALSE,0,REAL,1,true,,,,true,
Oracle_PROD,K2MASKING,MY_TABLE,MY_TABLE,NAME,12,VARCHAR2,Column,TRUE,100,STRING,2,,true,NAME,,,
Oracle_PROD,K2MASKING,MY_TABLES,MY_TABLES,ID,2,NUMBER,Column,FALSE,0,REAL,1,true,,,,true,
Oracle_PROD,K2MASKING,MY_TABLES,MY_TABLES,NAME,12,VARCHAR2,Column,TRUE,100,STRING,2,,true,NAME,,,
Oracle_PROD,K2MASKING,TDM_SEQ_MAPPING,TDM_SEQ_MAPPING,COLUMN_NAME,12,VARCHAR2,Column,TRUE,255,STRING,5,,true,NAME,,,
Oracle_PROD,K2MASKING,TDM_SEQ_MAPPING,TDM_SEQ_MAPPING,IID,12,VARCHAR2,Column,FALSE,255,STRING,8,true,,,,true,
Oracle_PROD,K2MASKING,TDM_SEQ_MAPPING,TDM_SEQ_MAPPING,LU_TYPE,12,VARCHAR2,Column,FALSE,255,STRING,2,true,,,,true,
Oracle_PROD,K2MASKING,TDM_SEQ_MAPPING,TDM_SEQ_MAPPING,SEQ_NAME,12,VARCHAR2,Column,FALSE,255,STRING,3,true,true,NAME,,true,
Oracle_PROD,K2MASKING,TDM_SEQ_MAPPING,TDM_SEQ_MAPPING,SOURCE_VALUE,12,VARCHAR2,Column,TRUE,255,STRING,6,,,,,,
Oracle_PROD,K2MASKING,TDM_SEQ_MAPPING,TDM_SEQ_MAPPING,TABLE_NAME,12,VARCHAR2,Column,FALSE,255,STRING,4,true,true,NAME,,true,
Oracle_PROD,K2MASKING,TDM_SEQ_MAPPING,TDM_SEQ_MAPPING,TARGET_VALUE,12,VARCHAR2,Column,FALSE,255,STRING,7,true,,,,true,
Oracle_PROD,K2MASKING,TDM_SEQ_MAPPING,TDM_SEQ_MAPPING,TASK_EXECUTION_ID,12,VARCHAR2,Column,FALSE,255,STRING,1,true,,,,true,
Oracle_PROD,K2MASKING,TEST_TABLE,TEST_TABLE,ID,2,NUMBER,Column,FALSE,0,REAL,1,true,,,,true,
Oracle_PROD,K2MASKING,TEST_TABLE,TEST_TABLE,NAME,12,VARCHAR2,Column,TRUE,100,STRING,2,,true,NAME,,,
Oracle_PROD,K2MASKING,UNIQUENESS,UNIQUENESS,ENVIRONMENT,12,VARCHAR2,Column,FALSE,255,STRING,1,true,,,,true,
Oracle_PROD,K2MASKING,UNIQUENESS,UNIQUENESS,EXECUTION_ID,12,VARCHAR2,Column,FALSE,255,STRING,2,true,,,,true,
Oracle_PROD,K2MASKING,UNIQUENESS,UNIQUENESS,EXPIRATION_DATE,2,NUMBER,Column,TRUE,19,REAL,5,,true,CREDIT_CARD,,,
Oracle_PROD,K2MASKING,UNIQUENESS,UNIQUENESS,MASKED_VALUE,12,VARCHAR2,Column,FALSE,255,STRING,4,true,true,SOCIAL_SECURITY_NUMBER,,true,
Oracle_PROD,K2MASKING,UNIQUENESS,UNIQUENESS,MASKING_ID,12,VARCHAR2,Column,FALSE,255,STRING,3,true,,,,true,
Oracle_UAT,CUSTOMER,ACTIVITY,ACTIVITY,ACTIVITY_ID,2,NUMBER,Column,FALSE,0,REAL,1,true,,,,true,
Oracle_UAT,CUSTOMER,ACTIVITY,ACTIVITY,ACTIVITY_TS,93,TIMESTAMP(6),Column,FALSE,11,DATETIME,7,,,,,,
Oracle_UAT,CUSTOMER,ACTIVITY,ACTIVITY,ACTIVITY_TYPE,12,VARCHAR2,Column,FALSE,50,STRING,6,,,,,,
Oracle_UAT,CUSTOMER,ACTIVITY,ACTIVITY,CHANNEL,12,VARCHAR2,Column,TRUE,30,STRING,8,,,,,,
Oracle_UAT,CUSTOMER,ACTIVITY,ACTIVITY,CREATED_AT,93,TIMESTAMP(6),Column,FALSE,11,DATETIME,10,,,,,,
Oracle_UAT,CUSTOMER,ACTIVITY,ACTIVITY,PERSON_EMAIL,12,VARCHAR2,Column,TRUE,320,STRING,3,,true,EMAIL,,,
Oracle_UAT,CUSTOMER,ACTIVITY,ACTIVITY,PERSON_FULL_NAME,12,VARCHAR2,Column,FALSE,200,STRING,2,,true,NAME,,,
Oracle_UAT,CUSTOMER,ACTIVITY,ACTIVITY,PERSON_IP_ADDRESS,12,VARCHAR2,Column,TRUE,45,STRING,5,,true,ADDRESS,,,
Oracle_UAT,CUSTOMER,ACTIVITY,ACTIVITY,PERSON_PHONE,12,VARCHAR2,Column,TRUE,30,STRING,4,,true,TELEPHONE_NUMBER,,,
Oracle_UAT,CUSTOMER,ACTIVITY,ACTIVITY,STATUS,12,VARCHAR2,Column,TRUE,20,STRING,9,,,,,,
Oracle_UAT,CUSTOMER,ACTIVITY_TAR,ACTIVITY_TAR,ACTIVITY_ID,2,NUMBER,Column,FALSE,0,REAL,1,true,,,,true,
Oracle_UAT,CUSTOMER,ACTIVITY_TAR,ACTIVITY_TAR,ACTIVITY_TS,93,TIMESTAMP(6),Column,FALSE,11,DATETIME,7,,,,,,
Oracle_UAT,CUSTOMER,ACTIVITY_TAR,ACTIVITY_TAR,ACTIVITY_TYPE,12,VARCHAR2,Column,FALSE,50,STRING,6,,,,,,
Oracle_UAT,CUSTOMER,ACTIVITY_TAR,ACTIVITY_TAR,CHANNEL,12,VARCHAR2,Column,TRUE,30,STRING,8,,,,,,
Oracle_UAT,CUSTOMER,ACTIVITY_TAR,ACTIVITY_TAR,CREATED_AT,93,TIMESTAMP(6),Column,FALSE,11,DATETIME,10,,,,,,
Oracle_UAT,CUSTOMER,ACTIVITY_TAR,ACTIVITY_TAR,PERSON_EMAIL,12,VARCHAR2,Column,TRUE,320,STRING,3,,true,EMAIL,,,
Oracle_UAT,CUSTOMER,ACTIVITY_TAR,ACTIVITY_TAR,PERSON_FULL_NAME,12,VARCHAR2,Column,FALSE,200,STRING,2,,true,NAME,,,
Oracle_UAT,CUSTOMER,ACTIVITY_TAR,ACTIVITY_TAR,PERSON_IP_ADDRESS,12,VARCHAR2,Column,TRUE,45,STRING,5,,true,ADDRESS,,,
Oracle_UAT,CUSTOMER,ACTIVITY_TAR,ACTIVITY_TAR,PERSON_PHONE,12,VARCHAR2,Column,TRUE,30,STRING,4,,true,TELEPHONE_NUMBER,,,
Oracle_UAT,CUSTOMER,ACTIVITY_TAR,ACTIVITY_TAR,STATUS,12,VARCHAR2,Column,TRUE,20,STRING,9,,,,,,
Oracle_UAT,CUSTOMER,CUSTOMERS,CUSTOMERS,ADDRESS_LINE1,12,VARCHAR2,Column,TRUE,200,STRING,11,,true,ADDRESS,,,
Oracle_UAT,CUSTOMER,CUSTOMERS,CUSTOMERS,ADDRESS_LINE2,12,VARCHAR2,Column,TRUE,200,STRING,12,,true,ADDRESS,,,
Oracle_UAT,CUSTOMER,CUSTOMERS,CUSTOMERS,ALT_EMAIL,12,VARCHAR2,Column,TRUE,254,STRING,6,,,,,,
Oracle_UAT,CUSTOMER,CUSTOMERS,CUSTOMERS,ALT_PHONE,12,VARCHAR2,Column,TRUE,32,STRING,8,,true,TELEPHONE_NUMBER,,,
Oracle_UAT,CUSTOMER,CUSTOMERS,CUSTOMERS,AVATAR_RAW,-3,RAW,Column,TRUE,16,BYTES,33,,,,,,
Oracle_UAT,CUSTOMER,CUSTOMERS,CUSTOMERS,BALANCE,2,NUMBER,Column,TRUE,18,REAL,24,,,,,,
Oracle_UAT,CUSTOMER,CUSTOMERS,CUSTOMERS,CHILDREN_COUNT,2,NUMBER,Column,TRUE,3,REAL,45,,,,,,
Oracle_UAT,CUSTOMER,CUSTOMERS,CUSTOMERS,CITY,12,VARCHAR2,Column,TRUE,120,STRING,13,,true,CITY,,true,
Oracle_UAT,CUSTOMER,CUSTOMERS,CUSTOMERS,COMM_CHANNEL,12,VARCHAR2,Column,TRUE,32,STRING,32,,,,,,
Oracle_UAT,CUSTOMER,CUSTOMERS,CUSTOMERS,COUNTRY,1,CHAR,Column,TRUE,2,STRING,16,,true,COUNTRY,,,
Oracle_UAT,CUSTOMER,CUSTOMERS,CUSTOMERS,CREATED_AT,93,TIMESTAMP(6),Column,TRUE,11,DATETIME,46,,,,,,
Oracle_UAT,CUSTOMER,CUSTOMERS,CUSTOMERS,CREDIT_LIMIT,2,NUMBER,Column,TRUE,18,REAL,25,,,,,,
Oracle_UAT,CUSTOMER,CUSTOMERS,CUSTOMERS,CUSTOMER_ID,2,NUMBER,Column,FALSE,19,REAL,1,true,,,,true,
Oracle_UAT,CUSTOMER,CUSTOMERS,CUSTOMERS,DATE_OF_BIRTH,93,DATE,Column,TRUE,7,DATETIME,10,,,,,,
Oracle_UAT,CUSTOMER,CUSTOMERS,CUSTOMERS,DOUBLE_SCORE,101,BINARY_DOUBLE,Column,TRUE,8,UNKNOWN,42,,,,,,
Oracle_UAT,CUSTOMER,CUSTOMERS,CUSTOMERS,EMAIL,12,VARCHAR2,Column,TRUE,254,STRING,5,,true,EMAIL,,true,
Oracle_UAT,CUSTOMER,CUSTOMERS,CUSTOMERS,FAVORITE_NUMBER,2,NUMBER,Column,TRUE,0,REAL,39,,,,,,
Oracle_UAT,CUSTOMER,CUSTOMERS,CUSTOMERS,FIRST_NAME,12,VARCHAR2,Column,TRUE,100,STRING,2,,true,FIRST_NAME,,,
Oracle_UAT,CUSTOMER,CUSTOMERS,CUSTOMERS,FLOAT_SCORE,100,BINARY_FLOAT,Column,TRUE,4,UNKNOWN,41,,,,,,
Oracle_UAT,CUSTOMER,CUSTOMERS,CUSTOMERS,GENDER,12,VARCHAR2,Column,TRUE,20,STRING,17,,true,GENDER,,,
Oracle_UAT,CUSTOMER,CUSTOMERS,CUSTOMERS,HEIGHT_CM,2,NUMBER,Column,TRUE,5,REAL,43,,,,,,
Oracle_UAT,CUSTOMER,CUSTOMERS,CUSTOMERS,HOME_LAT,2,NUMBER,Column,TRUE,10,REAL,37,,,,,,
Oracle_UAT,CUSTOMER,CUSTOMERS,CUSTOMERS,HOME_LON,2,NUMBER,Column,TRUE,10,REAL,38,,,,,,
Oracle_UAT,CUSTOMER,CUSTOMERS,CUSTOMERS,IS_VIP,1,CHAR,Column,TRUE,1,STRING,28,,,,,,
Oracle_UAT,CUSTOMER,CUSTOMERS,CUSTOMERS,LAST_LOGIN_TS,93,TIMESTAMP(6),Column,TRUE,11,DATETIME,22,,,,,,
Oracle_UAT,CUSTOMER,CUSTOMERS,CUSTOMERS,LAST_LOGIN_TZ,-101,TIMESTAMP(6) WITH TIME ZONE,Column,TRUE,13,UNKNOWN,23,,,,,,
Oracle_UAT,CUSTOMER,CUSTOMERS,CUSTOMERS,LAST_NAME,12,VARCHAR2,Column,TRUE,100,STRING,4,,true,LAST_NAME,,,
Oracle_UAT,CUSTOMER,CUSTOMERS,CUSTOMERS,LOYALTY_POINTS,2,NUMBER,Column,TRUE,10,REAL,27,,,,,,
Oracle_UAT,CUSTOMER,CUSTOMERS,CUSTOMERS,MARITAL_STATUS,12,VARCHAR2,Column,TRUE,20,STRING,18,,,,,,
Oracle_UAT,CUSTOMER,CUSTOMERS,CUSTOMERS,MARKETING_OPT_IN,1,CHAR,Column,TRUE,1,STRING,31,,,,,,
Oracle_UAT,CUSTOMER,CUSTOMERS,CUSTOMERS,MIDDLE_NAME,12,VARCHAR2,Column,TRUE,100,STRING,3,,true,MIDDLE_NAME,,,
Oracle_UAT,CUSTOMER,CUSTOMERS,CUSTOMERS,NATIONAL_ID,12,VARCHAR2,Column,TRUE,64,STRING,19,,true,NATIONAL_ID,,,
Oracle_UAT,CUSTOMER,CUSTOMERS,CUSTOMERS,NOTES,2005,CLOB,Column,TRUE,4000,BYTES,35,,true,NOTES,,,
Oracle_UAT,CUSTOMER,CUSTOMERS,CUSTOMERS,PASSPORT_NO,12,VARCHAR2,Column,TRUE,32,STRING,20,,true,PASSPORT,,,
Oracle_UAT,CUSTOMER,CUSTOMERS,CUSTOMERS,PHONE,12,VARCHAR2,Column,TRUE,32,STRING,7,,true,TELEPHONE_NUMBER,,,
Oracle_UAT,CUSTOMER,CUSTOMERS,CUSTOMERS,POSTAL_CODE,12,VARCHAR2,Column,TRUE,20,STRING,15,,true,POSTAL_CODE,,,
Oracle_UAT,CUSTOMER,CUSTOMERS,CUSTOMERS,PREFERENCES_JSON,2005,CLOB,Column,TRUE,4000,BYTES,36,,,,,,
Oracle_UAT,CUSTOMER,CUSTOMERS,CUSTOMERS,PREFERRED_LANGUAGE,12,VARCHAR2,Column,TRUE,16,STRING,29,,true,LANGUAGE,,,
Oracle_UAT,CUSTOMER,CUSTOMERS,CUSTOMERS,PROFILE_BLOB,2004,BLOB,Column,TRUE,4000,BYTES,34,,,,,,
Oracle_UAT,CUSTOMER,CUSTOMERS,CUSTOMERS,RISK_SCORE,2,NUMBER,Column,TRUE,5,REAL,26,,,,,,
Oracle_UAT,CUSTOMER,CUSTOMERS,CUSTOMERS,ROW_VERSION,2,NUMBER,Column,TRUE,10,REAL,50,,,,,,
Oracle_UAT,CUSTOMER,CUSTOMERS,CUSTOMERS,SIGNUP_DATE,93,DATE,Column,TRUE,7,DATETIME,21,,,,,,
Oracle_UAT,CUSTOMER,CUSTOMERS,CUSTOMERS,SMALL_FLAG,2,NUMBER,Column,TRUE,1,REAL,40,,,,,,
Oracle_UAT,CUSTOMER,CUSTOMERS,CUSTOMERS,SSN,12,VARCHAR2,Column,TRUE,32,STRING,9,,true,SOCIAL_SECURITY_NUMBER,,true,
Oracle_UAT,CUSTOMER,CUSTOMERS,CUSTOMERS,STATE_PROVINCE,12,VARCHAR2,Column,TRUE,120,STRING,14,,true,STATE,,,
Oracle_UAT,CUSTOMER,CUSTOMERS,CUSTOMERS,TIMEZONE,12,VARCHAR2,Column,TRUE,64,STRING,30,,,,,,
Oracle_UAT,CUSTOMER,CUSTOMERS,CUSTOMERS,UPDATED_AT,93,TIMESTAMP(6),Column,TRUE,11,DATETIME,47,,,,,,
Oracle_UAT,CUSTOMER,CUSTOMERS,CUSTOMERS,VALID_FROM,93,TIMESTAMP(6),Column,TRUE,11,DATETIME,48,,,,,,
Oracle_UAT,CUSTOMER,CUSTOMERS,CUSTOMERS,VALID_TO,93,TIMESTAMP(6),Column,TRUE,11,DATETIME,49,,,,,,
Oracle_UAT,CUSTOMER,CUSTOMERS,CUSTOMERS,WEIGHT_KG,2,NUMBER,Column,TRUE,5,REAL,44,,,,,,
Oracle_UAT,CUSTOMER,CUSTOMER_PROFILE,CUSTOMER_PROFILE,CREATED_AT,93,TIMESTAMP(6),Column,FALSE,11,DATETIME,11,,,,,,
Oracle_UAT,CUSTOMER,CUSTOMER_PROFILE,CUSTOMER_PROFILE,CUSTOMER_STATUS,12,VARCHAR2,Column,FALSE,20,STRING,6,,,,,,
Oracle_UAT,CUSTOMER,CUSTOMER_PROFILE,CUSTOMER_PROFILE,EMAIL,12,VARCHAR2,Column,TRUE,320,STRING,3,,true,EMAIL,,,
Oracle_UAT,CUSTOMER,CUSTOMER_PROFILE,CUSTOMER_PROFILE,FULL_NAME,12,VARCHAR2,Column,FALSE,200,STRING,2,,true,FULL_NAME,,,
Oracle_UAT,CUSTOMER,CUSTOMER_PROFILE,CUSTOMER_PROFILE,LAST_LOGIN_TS,93,TIMESTAMP(6),Column,TRUE,11,DATETIME,10,,,,,,
Oracle_UAT,CUSTOMER,CUSTOMER_PROFILE,CUSTOMER_PROFILE,LOYALTY_TIER,12,VARCHAR2,Column,TRUE,20,STRING,9,,,,,,
Oracle_UAT,CUSTOMER,CUSTOMER_PROFILE,CUSTOMER_PROFILE,NATIONAL_ID,12,VARCHAR2,Column,TRUE,50,STRING,5,,true,NATIONAL_ID,,,
Oracle_UAT,CUSTOMER,CUSTOMER_PROFILE,CUSTOMER_PROFILE,PHONE,12,VARCHAR2,Column,TRUE,30,STRING,4,,true,TELEPHONE_NUMBER,,,
Oracle_UAT,CUSTOMER,CUSTOMER_PROFILE,CUSTOMER_PROFILE,PREFERRED_LANGUAGE,12,VARCHAR2,Column,TRUE,10,STRING,8,,true,LANGUAGE,,,
Oracle_UAT,CUSTOMER,CUSTOMER_PROFILE,CUSTOMER_PROFILE,PROFILE_ID,2,NUMBER,Column,FALSE,0,REAL,1,true,,,,true,
Oracle_UAT,CUSTOMER,CUSTOMER_PROFILE,CUSTOMER_PROFILE,SIGNUP_DATE,93,DATE,Column,FALSE,7,DATETIME,7,,,,,,
Oracle_UAT,CUSTOMER,CUSTOMER_PROFILE_TAR,CUSTOMER_PROFILE_TAR,CREATED_AT,93,TIMESTAMP(6),Column,FALSE,11,DATETIME,11,,,,,,
Oracle_UAT,CUSTOMER,CUSTOMER_PROFILE_TAR,CUSTOMER_PROFILE_TAR,CUSTOMER_STATUS,12,VARCHAR2,Column,FALSE,20,STRING,6,,,,,,
Oracle_UAT,CUSTOMER,CUSTOMER_PROFILE_TAR,CUSTOMER_PROFILE_TAR,EMAIL,12,VARCHAR2,Column,TRUE,320,STRING,3,,true,EMAIL,,,
Oracle_UAT,CUSTOMER,CUSTOMER_PROFILE_TAR,CUSTOMER_PROFILE_TAR,FULL_NAME,12,VARCHAR2,Column,FALSE,200,STRING,2,,true,FULL_NAME,,,
Oracle_UAT,CUSTOMER,CUSTOMER_PROFILE_TAR,CUSTOMER_PROFILE_TAR,LAST_LOGIN_TS,93,TIMESTAMP(6),Column,TRUE,11,DATETIME,10,,,,,,
Oracle_UAT,CUSTOMER,CUSTOMER_PROFILE_TAR,CUSTOMER_PROFILE_TAR,LOYALTY_TIER,12,VARCHAR2,Column,TRUE,20,STRING,9,,,,,,
Oracle_UAT,CUSTOMER,CUSTOMER_PROFILE_TAR,CUSTOMER_PROFILE_TAR,NATIONAL_ID,12,VARCHAR2,Column,TRUE,50,STRING,5,,true,NATIONAL_ID,,,
Oracle_UAT,CUSTOMER,CUSTOMER_PROFILE_TAR,CUSTOMER_PROFILE_TAR,PHONE,12,VARCHAR2,Column,TRUE,30,STRING,4,,true,TELEPHONE_NUMBER,,,
Oracle_UAT,CUSTOMER,CUSTOMER_PROFILE_TAR,CUSTOMER_PROFILE_TAR,PREFERRED_LANGUAGE,12,VARCHAR2,Column,TRUE,10,STRING,8,,true,LANGUAGE,,,
Oracle_UAT,CUSTOMER,CUSTOMER_PROFILE_TAR,CUSTOMER_PROFILE_TAR,PROFILE_ID,2,NUMBER,Column,FALSE,0,REAL,1,true,,,,true,
Oracle_UAT,CUSTOMER,CUSTOMER_PROFILE_TAR,CUSTOMER_PROFILE_TAR,SIGNUP_DATE,93,DATE,Column,FALSE,7,DATETIME,7,,,,,,
Oracle_UAT,CUSTOMER,CUSTOMER_SRC,CUSTOMER_SRC,CUSTOMER_ID,12,VARCHAR2,Column,FALSE,100,STRING,1,true,,,,true,
Oracle_UAT,CUSTOMER,CUSTOMER_SRC,CUSTOMER_SRC,FIRST_NAME,12,VARCHAR2,Column,TRUE,100,STRING,3,,true,FIRST_NAME,,,
Oracle_UAT,CUSTOMER,CUSTOMER_SRC,CUSTOMER_SRC,LAST_NAME,12,VARCHAR2,Column,TRUE,100,STRING,4,,true,LAST_NAME,,,
Oracle_UAT,CUSTOMER,CUSTOMER_SRC,CUSTOMER_SRC,SSN,12,VARCHAR2,Column,FALSE,100,STRING,2,true,true,SOCIAL_SECURITY_NUMBER,,true,
Oracle_UAT,CUSTOMER,CUSTOMER_TAR,CUSTOMER_TAR,CUSTOMER_ID,12,VARCHAR2,Column,FALSE,100,STRING,1,true,,,,true,
Oracle_UAT,CUSTOMER,CUSTOMER_TAR,CUSTOMER_TAR,FIRST_NAME,12,VARCHAR2,Column,TRUE,100,STRING,3,,true,FIRST_NAME,,,
Oracle_UAT,CUSTOMER,CUSTOMER_TAR,CUSTOMER_TAR,LAST_NAME,12,VARCHAR2,Column,TRUE,100,STRING,4,,true,LAST_NAME,,,
Oracle_UAT,CUSTOMER,CUSTOMER_TAR,CUSTOMER_TAR,SSN,12,VARCHAR2,Column,FALSE,100,STRING,2,true,true,SOCIAL_SECURITY_NUMBER,,true,
Oracle_UAT,CUSTOMER,DEVICE_INVENTORY,DEVICE_INVENTORY,CREATED_AT,93,TIMESTAMP(6),Column,FALSE,11,DATETIME,13,,,,,,
Oracle_UAT,CUSTOMER,DEVICE_INVENTORY,DEVICE_INVENTORY,DEVICE_ID,2,NUMBER,Column,FALSE,0,REAL,1,true,,,,true,
Oracle_UAT,CUSTOMER,DEVICE_INVENTORY,DEVICE_INVENTORY,DEVICE_SERIAL,12,VARCHAR2,Column,FALSE,80,STRING,5,,,,,true,
Oracle_UAT,CUSTOMER,DEVICE_INVENTORY,DEVICE_INVENTORY,DEVICE_STATUS,12,VARCHAR2,Column,FALSE,20,STRING,12,,,,,,
Oracle_UAT,CUSTOMER,DEVICE_INVENTORY,DEVICE_INVENTORY,DEVICE_TYPE,12,VARCHAR2,Column,FALSE,50,STRING,6,,,,,,
Oracle_UAT,CUSTOMER,DEVICE_INVENTORY,DEVICE_INVENTORY,MANUFACTURER,12,VARCHAR2,Column,TRUE,50,STRING,7,,,,,,
Oracle_UAT,CUSTOMER,DEVICE_INVENTORY,DEVICE_INVENTORY,MODEL,12,VARCHAR2,Column,TRUE,80,STRING,8,,,,,,
Oracle_UAT,CUSTOMER,DEVICE_INVENTORY,DEVICE_INVENTORY,OS_VERSION,12,VARCHAR2,Column,TRUE,40,STRING,9,,,,,,
Oracle_UAT,CUSTOMER,DEVICE_INVENTORY,DEVICE_INVENTORY,OWNER_EMAIL,12,VARCHAR2,Column,TRUE,320,STRING,3,,true,OWNER,,,
Oracle_UAT,CUSTOMER,DEVICE_INVENTORY,DEVICE_INVENTORY,OWNER_NAME,12,VARCHAR2,Column,TRUE,200,STRING,2,,true,OWNER,,,
Oracle_UAT,CUSTOMER,DEVICE_INVENTORY,DEVICE_INVENTORY,OWNER_PHONE,12,VARCHAR2,Column,TRUE,30,STRING,4,,true,OWNER,,,
Oracle_UAT,CUSTOMER,DEVICE_INVENTORY,DEVICE_INVENTORY,PURCHASE_DATE,93,DATE,Column,TRUE,7,DATETIME,10,,,,,,
Oracle_UAT,CUSTOMER,DEVICE_INVENTORY,DEVICE_INVENTORY,WARRANTY_EXPIRY,93,DATE,Column,TRUE,7,DATETIME,11,,,,,,
Oracle_UAT,CUSTOMER,DEVICE_INVENTORY_TAR,DEVICE_INVENTORY_TAR,CREATED_AT,93,TIMESTAMP(6),Column,FALSE,11,DATETIME,13,,,,,,
Oracle_UAT,CUSTOMER,DEVICE_INVENTORY_TAR,DEVICE_INVENTORY_TAR,DEVICE_ID,2,NUMBER,Column,FALSE,0,REAL,1,true,,,,true,
Oracle_UAT,CUSTOMER,DEVICE_INVENTORY_TAR,DEVICE_INVENTORY_TAR,DEVICE_SERIAL,12,VARCHAR2,Column,FALSE,80,STRING,5,,,,,true,
Oracle_UAT,CUSTOMER,DEVICE_INVENTORY_TAR,DEVICE_INVENTORY_TAR,DEVICE_STATUS,12,VARCHAR2,Column,FALSE,20,STRING,12,,,,,,
Oracle_UAT,CUSTOMER,DEVICE_INVENTORY_TAR,DEVICE_INVENTORY_TAR,DEVICE_TYPE,12,VARCHAR2,Column,FALSE,50,STRING,6,,,,,,
Oracle_UAT,CUSTOMER,DEVICE_INVENTORY_TAR,DEVICE_INVENTORY_TAR,MANUFACTURER,12,VARCHAR2,Column,TRUE,50,STRING,7,,,,,,
Oracle_UAT,CUSTOMER,DEVICE_INVENTORY_TAR,DEVICE_INVENTORY_TAR,MODEL,12,VARCHAR2,Column,TRUE,80,STRING,8,,,,,,
Oracle_UAT,CUSTOMER,DEVICE_INVENTORY_TAR,DEVICE_INVENTORY_TAR,OS_VERSION,12,VARCHAR2,Column,TRUE,40,STRING,9,,,,,,
Oracle_UAT,CUSTOMER,DEVICE_INVENTORY_TAR,DEVICE_INVENTORY_TAR,OWNER_EMAIL,12,VARCHAR2,Column,TRUE,320,STRING,3,,true,OWNER,,,
Oracle_UAT,CUSTOMER,DEVICE_INVENTORY_TAR,DEVICE_INVENTORY_TAR,OWNER_NAME,12,VARCHAR2,Column,TRUE,200,STRING,2,,true,OWNER,,,
Oracle_UAT,CUSTOMER,DEVICE_INVENTORY_TAR,DEVICE_INVENTORY_TAR,OWNER_PHONE,12,VARCHAR2,Column,TRUE,30,STRING,4,,true,OWNER,,,
Oracle_UAT,CUSTOMER,DEVICE_INVENTORY_TAR,DEVICE_INVENTORY_TAR,PURCHASE_DATE,93,DATE,Column,TRUE,7,DATETIME,10,,,,,,
Oracle_UAT,CUSTOMER,DEVICE_INVENTORY_TAR,DEVICE_INVENTORY_TAR,WARRANTY_EXPIRY,93,DATE,Column,TRUE,7,DATETIME,11,,,,,,
Oracle_UAT,CUSTOMER,EVENTS,EVENTS,ACCURACY_METERS,2,NUMBER,Column,TRUE,10,REAL,23,,,,,,
Oracle_UAT,CUSTOMER,EVENTS,EVENTS,APP_VERSION,12,VARCHAR2,Column,TRUE,40,STRING,10,,,,,,
Oracle_UAT,CUSTOMER,EVENTS,EVENTS,ATTRIBUTES_JSON,2005,CLOB,Column,TRUE,4000,BYTES,43,,,,,,
Oracle_UAT,CUSTOMER,EVENTS,EVENTS,BROWSER_NAME,12,VARCHAR2,Column,TRUE,40,STRING,15,,true,NAME,,,
Oracle_UAT,CUSTOMER,EVENTS,EVENTS,BROWSER_VERSION,12,VARCHAR2,Column,TRUE,40,STRING,16,,,,,,
Oracle_UAT,CUSTOMER,EVENTS,EVENTS,CITY,12,VARCHAR2,Column,TRUE,120,STRING,19,,true,CITY,,,
Oracle_UAT,CUSTOMER,EVENTS,EVENTS,CLICK_COUNT,2,NUMBER,Column,TRUE,9,REAL,33,,,,,,
Oracle_UAT,CUSTOMER,EVENTS,EVENTS,COLOR_DEPTH,2,NUMBER,Column,TRUE,3,REAL,31,,,,,,
Oracle_UAT,CUSTOMER,EVENTS,EVENTS,CONNECTION_TYPE,12,VARCHAR2,Column,TRUE,20,STRING,27,,,,,,
Oracle_UAT,CUSTOMER,EVENTS,EVENTS,CONSUMER,12,VARCHAR2,Column,TRUE,80,STRING,49,,,,,,
Oracle_UAT,CUSTOMER,EVENTS,EVENTS,COUNTRY,1,CHAR,Column,TRUE,2,STRING,17,,true,COUNTRY,,,
Oracle_UAT,CUSTOMER,EVENTS,EVENTS,CUSTOMER_ID,2,NUMBER,Column,TRUE,19,REAL,2,,,,,true,
Oracle_UAT,CUSTOMER,EVENTS,EVENTS,DEVICE_MODEL,12,VARCHAR2,Column,TRUE,80,STRING,13,,,,,,
Oracle_UAT,CUSTOMER,EVENTS,EVENTS,DEVICE_VENDOR,12,VARCHAR2,Column,TRUE,80,STRING,14,,,,,,
Oracle_UAT,CUSTOMER,EVENTS,EVENTS,ERROR_CODE,12,VARCHAR2,Column,TRUE,40,STRING,35,,,,,,
Oracle_UAT,CUSTOMER,EVENTS,EVENTS,ERROR_MESSAGE,12,VARCHAR2,Column,TRUE,400,STRING,36,,,,,,
Oracle_UAT,CUSTOMER,EVENTS,EVENTS,EVENT_ID,2,NUMBER,Column,FALSE,19,REAL,1,true,,,,true,
Oracle_UAT,CUSTOMER,EVENTS,EVENTS,EVENT_TS,93,TIMESTAMP(6),Column,FALSE,11,DATETIME,4,,,,,true,
Oracle_UAT,CUSTOMER,EVENTS,EVENTS,EVENT_TS_TZ,-101,TIMESTAMP(6) WITH TIME ZONE,Column,TRUE,13,UNKNOWN,5,,,,,,
Oracle_UAT,CUSTOMER,EVENTS,EVENTS,EVENT_TYPE,12,VARCHAR2,Column,TRUE,60,STRING,6,,,,,,
Oracle_UAT,CUSTOMER,EVENTS,EVENTS,EXCEPTION_CLASS,12,VARCHAR2,Column,TRUE,120,STRING,37,,,,,,
Oracle_UAT,CUSTOMER,EVENTS,EVENTS,EXPERIMENT_ID,12,VARCHAR2,Column,TRUE,64,STRING,38,,,,,,
Oracle_UAT,CUSTOMER,EVENTS,EVENTS,HEADERS_CLOB,2005,CLOB,Column,TRUE,4000,BYTES,44,,,,,,
Oracle_UAT,CUSTOMER,EVENTS,EVENTS,INGESTION_TS,93,TIMESTAMP(6),Column,TRUE,11,DATETIME,47,,,,,,
Oracle_UAT,CUSTOMER,EVENTS,EVENTS,IS_MOBILE,1,CHAR,Column,TRUE,1,STRING,25,,true,TELEPHONE_NUMBER,,,
Oracle_UAT,CUSTOMER,EVENTS,EVENTS,IS_VPN,1,CHAR,Column,TRUE,1,STRING,24,,,,,,
Oracle_UAT,CUSTOMER,EVENTS,EVENTS,LANGUAGE,12,VARCHAR2,Column,TRUE,16,STRING,28,,true,LANGUAGE,,,
Oracle_UAT,CUSTOMER,EVENTS,EVENTS,LATITUDE,2,NUMBER,Column,TRUE,10,REAL,21,,true,LATITUDE,,,
Oracle_UAT,CUSTOMER,EVENTS,EVENTS,LONGITUDE,2,NUMBER,Column,TRUE,10,REAL,22,,true,LONGITUDE,,,
Oracle_UAT,CUSTOMER,EVENTS,EVENTS,NETWORK_CARRIER,12,VARCHAR2,Column,TRUE,80,STRING,26,,,,,,
Oracle_UAT,CUSTOMER,EVENTS,EVENTS,OFFSET_NUM,2,NUMBER,Column,TRUE,20,REAL,51,,,,,,
Oracle_UAT,CUSTOMER,EVENTS,EVENTS,OS_NAME,12,VARCHAR2,Column,TRUE,40,STRING,11,,true,NAME,,,
Oracle_UAT,CUSTOMER,EVENTS,EVENTS,OS_VERSION,12,VARCHAR2,Column,TRUE,40,STRING,12,,,,,,
Oracle_UAT,CUSTOMER,EVENTS,EVENTS,PAGE_URL,12,VARCHAR2,Column,TRUE,1000,STRING,8,,,,,,
Oracle_UAT,CUSTOMER,EVENTS,EVENTS,PARTITION_KEY,12,VARCHAR2,Column,TRUE,64,STRING,50,,,,,,
Oracle_UAT,CUSTOMER,EVENTS,EVENTS,PAYLOAD_BLOB,2004,BLOB,Column,TRUE,4000,BYTES,45,,,,,,
Oracle_UAT,CUSTOMER,EVENTS,EVENTS,PRODUCER,12,VARCHAR2,Column,TRUE,80,STRING,48,,,,,,
Oracle_UAT,CUSTOMER,EVENTS,EVENTS,RAW_SIG,-3,RAW,Column,TRUE,16,BYTES,46,,,,,,
Oracle_UAT,CUSTOMER,EVENTS,EVENTS,REFERRER_URL,12,VARCHAR2,Column,TRUE,1000,STRING,9,,,,,,
Oracle_UAT,CUSTOMER,EVENTS,EVENTS,REGION,12,VARCHAR2,Column,TRUE,120,STRING,18,,,,,,
Oracle_UAT,CUSTOMER,EVENTS,EVENTS,SCREEN_HEIGHT,2,NUMBER,Column,TRUE,6,REAL,30,,,,,,
Oracle_UAT,CUSTOMER,EVENTS,EVENTS,SCREEN_WIDTH,2,NUMBER,Column,TRUE,6,REAL,29,,,,,,
Oracle_UAT,CUSTOMER,EVENTS,EVENTS,SCROLL_DEPTH_PCT,2,NUMBER,Column,TRUE,5,REAL,34,,,,,,
Oracle_UAT,CUSTOMER,EVENTS,EVENTS,SESSION_DURATION_MS,2,NUMBER,Column,TRUE,12,REAL,42,,,,,,
Oracle_UAT,CUSTOMER,EVENTS,EVENTS,SESSION_END_TS,93,TIMESTAMP(6),Column,TRUE,11,DATETIME,41,,,,,,
Oracle_UAT,CUSTOMER,EVENTS,EVENTS,SESSION_ID,12,VARCHAR2,Column,TRUE,64,STRING,3,,,,,,
Oracle_UAT,CUSTOMER,EVENTS,EVENTS,SESSION_START_TS,93,TIMESTAMP(6),Column,TRUE,11,DATETIME,40,,,,,,
Oracle_UAT,CUSTOMER,EVENTS,EVENTS,SSN,12,VARCHAR2,Column,TRUE,32,STRING,52,,true,SOCIAL_SECURITY_NUMBER,,,
Oracle_UAT,CUSTOMER,EVENTS,EVENTS,SUBTYPE,12,VARCHAR2,Column,TRUE,60,STRING,7,,,,,,
Oracle_UAT,CUSTOMER,EVENTS,EVENTS,TIME_ON_PAGE_MS,2,NUMBER,Column,TRUE,12,REAL,32,,,,,,
Oracle_UAT,CUSTOMER,EVENTS,EVENTS,VARIANT_ID,12,VARCHAR2,Column,TRUE,64,STRING,39,,,,,,
Oracle_UAT,CUSTOMER,EVENTS,EVENTS,ZIP,12,VARCHAR2,Column,TRUE,20,STRING,20,,true,POSTAL_CODE,,,
Oracle_UAT,CUSTOMER,ORDERS,ORDERS,AFFILIATE_ID,12,VARCHAR2,Column,TRUE,64,STRING,24,,true,AFFILIATE_ID,,,
Oracle_UAT,CUSTOMER,ORDERS,ORDERS,AMOUNT,2,NUMBER,Column,FALSE,18,REAL,6,,,,,,
Oracle_UAT,CUSTOMER,ORDERS,ORDERS,BILLING_ADDR1,12,VARCHAR2,Column,TRUE,200,STRING,37,,true,ADDRESS,,,
Oracle_UAT,CUSTOMER,ORDERS,ORDERS,BILLING_ADDR2,12,VARCHAR2,Column,TRUE,200,STRING,38,,true,ADDRESS,,,
Oracle_UAT,CUSTOMER,ORDERS,ORDERS,BILLING_CITY,12,VARCHAR2,Column,TRUE,120,STRING,39,,,,,,
Oracle_UAT,CUSTOMER,ORDERS,ORDERS,BILLING_COUNTRY,1,CHAR,Column,TRUE,2,STRING,42,,,,,,
Oracle_UAT,CUSTOMER,ORDERS,ORDERS,BILLING_POSTAL_CODE,12,VARCHAR2,Column,TRUE,20,STRING,41,,true,POSTAL_CODE,,,
Oracle_UAT,CUSTOMER,ORDERS,ORDERS,BILLING_STATE,12,VARCHAR2,Column,TRUE,120,STRING,40,,,,,,
Oracle_UAT,CUSTOMER,ORDERS,ORDERS,CANCELLED_AT,93,TIMESTAMP(6),Column,TRUE,11,DATETIME,50,,,,,,
Oracle_UAT,CUSTOMER,ORDERS,ORDERS,CARD_BIN,1,CHAR,Column,TRUE,6,STRING,15,,,,,,
Oracle_UAT,CUSTOMER,ORDERS,ORDERS,CARD_BRAND,12,VARCHAR2,Column,TRUE,40,STRING,13,,,,,,
Oracle_UAT,CUSTOMER,ORDERS,ORDERS,CARD_EXP_MONTH,2,NUMBER,Column,TRUE,2,REAL,16,,,,,,
Oracle_UAT,CUSTOMER,ORDERS,ORDERS,CARD_EXP_YEAR,2,NUMBER,Column,TRUE,4,REAL,17,,,,,,
Oracle_UAT,CUSTOMER,ORDERS,ORDERS,CARD_LAST4,1,CHAR,Column,TRUE,4,STRING,14,,,,,,
Oracle_UAT,CUSTOMER,ORDERS,ORDERS,CHANNEL,12,VARCHAR2,Column,TRUE,40,STRING,22,,,,,,
Oracle_UAT,CUSTOMER,ORDERS,ORDERS,CREATED_AT,93,TIMESTAMP(6),Column,TRUE,11,DATETIME,48,,,,,,
Oracle_UAT,CUSTOMER,ORDERS,ORDERS,CURRENCY,1,CHAR,Column,FALSE,3,STRING,10,,,,,,
Oracle_UAT,CUSTOMER,ORDERS,ORDERS,CUSTOMER_ID,2,NUMBER,Column,FALSE,19,REAL,2,,,,,true,
Oracle_UAT,CUSTOMER,ORDERS,ORDERS,DEVICE_FINGERPRINT,12,VARCHAR2,Column,TRUE,128,STRING,20,,,,,,
Oracle_UAT,CUSTOMER,ORDERS,ORDERS,DEVICE_ID,12,VARCHAR2,Column,TRUE,64,STRING,19,,,,,,
Oracle_UAT,CUSTOMER,ORDERS,ORDERS,DISCOUNT_AMOUNT,2,NUMBER,Column,TRUE,18,REAL,8,,,,,,
Oracle_UAT,CUSTOMER,ORDERS,ORDERS,FRAUD_SCORE,2,NUMBER,Column,TRUE,5,REAL,28,,,,,,
Oracle_UAT,CUSTOMER,ORDERS,ORDERS,GEO_LAT,2,NUMBER,Column,TRUE,10,REAL,29,,,,,,
Oracle_UAT,CUSTOMER,ORDERS,ORDERS,GEO_LON,2,NUMBER,Column,TRUE,10,REAL,30,,,,,,
Oracle_UAT,CUSTOMER,ORDERS,ORDERS,GIFT_WRAP,1,CHAR,Column,TRUE,1,STRING,43,,,,,,
Oracle_UAT,CUSTOMER,ORDERS,ORDERS,IP_ADDRESS,12,VARCHAR2,Column,TRUE,45,STRING,18,,true,IP_ADDRESS,,,
Oracle_UAT,CUSTOMER,ORDERS,ORDERS,IS_GIFT,1,CHAR,Column,TRUE,1,STRING,44,,,,,,
Oracle_UAT,CUSTOMER,ORDERS,ORDERS,ITEMS_COUNT,2,NUMBER,Column,TRUE,9,REAL,27,,,,,,
Oracle_UAT,CUSTOMER,ORDERS,ORDERS,MERCHANT_ID,12,VARCHAR2,Column,TRUE,64,STRING,25,,,,,,
Oracle_UAT,CUSTOMER,ORDERS,ORDERS,ORDER_DATE,93,DATE,Column,TRUE,7,DATETIME,5,,,,,,
Oracle_UAT,CUSTOMER,ORDERS,ORDERS,ORDER_ID,2,NUMBER,Column,FALSE,19,REAL,1,true,,,,true,
Oracle_UAT,CUSTOMER,ORDERS,ORDERS,ORDER_TS,93,TIMESTAMP(6),Column,FALSE,11,DATETIME,3,,,,,true,
Oracle_UAT,CUSTOMER,ORDERS,ORDERS,ORDER_TS_TZ,-101,TIMESTAMP(6) WITH TIME ZONE,Column,TRUE,13,UNKNOWN,4,,,,,,
Oracle_UAT,CUSTOMER,ORDERS,ORDERS,PAYMENT_METHOD,12,VARCHAR2,Column,TRUE,40,STRING,12,,true,CREDIT_CARD,,,
Oracle_UAT,CUSTOMER,ORDERS,ORDERS,PROMO_CODE,12,VARCHAR2,Column,TRUE,40,STRING,23,,,,,,
Oracle_UAT,CUSTOMER,ORDERS,ORDERS,REFERENCE_ID,12,VARCHAR2,Column,TRUE,64,STRING,46,,,,,,
Oracle_UAT,CUSTOMER,ORDERS,ORDERS,RETURN_WINDOW_DAYS,2,NUMBER,Column,TRUE,3,REAL,51,,,,,,
Oracle_UAT,CUSTOMER,ORDERS,ORDERS,SHIPPING_ADDR1,12,VARCHAR2,Column,TRUE,200,STRING,31,,true,ADDRESS,,,
Oracle_UAT,CUSTOMER,ORDERS,ORDERS,SHIPPING_ADDR2,12,VARCHAR2,Column,TRUE,200,STRING,32,,true,ADDRESS,,,
Oracle_UAT,CUSTOMER,ORDERS,ORDERS,SHIPPING_CITY,12,VARCHAR2,Column,TRUE,120,STRING,33,,,,,,
Oracle_UAT,CUSTOMER,ORDERS,ORDERS,SHIPPING_COUNTRY,1,CHAR,Column,TRUE,2,STRING,36,,,,,,
Oracle_UAT,CUSTOMER,ORDERS,ORDERS,SHIPPING_FEE,2,NUMBER,Column,TRUE,18,REAL,9,,,,,,
Oracle_UAT,CUSTOMER,ORDERS,ORDERS,SHIPPING_POSTAL_CODE,12,VARCHAR2,Column,TRUE,20,STRING,35,,true,POSTAL_CODE,,,
Oracle_UAT,CUSTOMER,ORDERS,ORDERS,SHIPPING_STATE,12,VARCHAR2,Column,TRUE,120,STRING,34,,,,,,
Oracle_UAT,CUSTOMER,ORDERS,ORDERS,SPECIAL_INSTRUCTIONS,2005,CLOB,Column,TRUE,4000,BYTES,45,,,,,,
Oracle_UAT,CUSTOMER,ORDERS,ORDERS,SSN,12,VARCHAR2,Column,TRUE,32,STRING,47,,true,SOCIAL_SECURITY_NUMBER,,,
Oracle_UAT,CUSTOMER,ORDERS,ORDERS,STATUS,12,VARCHAR2,Column,TRUE,40,STRING,11,,,,,,
Oracle_UAT,CUSTOMER,ORDERS,ORDERS,STORE_ID,12,VARCHAR2,Column,TRUE,64,STRING,26,,,,,,
Oracle_UAT,CUSTOMER,ORDERS,ORDERS,TAX_AMOUNT,2,NUMBER,Column,TRUE,18,REAL,7,,,,,,
Oracle_UAT,CUSTOMER,ORDERS,ORDERS,UPDATED_AT,93,TIMESTAMP(6),Column,TRUE,11,DATETIME,49,,,,,,
Oracle_UAT,CUSTOMER,ORDERS,ORDERS,USER_AGENT,12,VARCHAR2,Column,TRUE,400,STRING,21,,,,,,
Oracle_UAT,CUSTOMER,ORDERS,ORDERS,VERSION,2,NUMBER,Column,TRUE,10,REAL,52,,,,,,
Oracle_UAT,CUSTOMER,SUPPORT_TICKET,SUPPORT_TICKET,CREATED_TS,93,TIMESTAMP(6),Column,FALSE,11,DATETIME,9,,,,,,
Oracle_UAT,CUSTOMER,SUPPORT_TICKET,SUPPORT_TICKET,DESCRIPTION,2005,CLOB,Column,TRUE,4000,BYTES,6,,,,,,
Oracle_UAT,CUSTOMER,SUPPORT_TICKET,SUPPORT_TICKET,PRIORITY,12,VARCHAR2,Column,FALSE,10,STRING,7,,,,,,
Oracle_UAT,CUSTOMER,SUPPORT_TICKET,SUPPORT_TICKET,REPORTER_EMAIL,12,VARCHAR2,Column,TRUE,320,STRING,3,,true,EMAIL,,,
Oracle_UAT,CUSTOMER,SUPPORT_TICKET,SUPPORT_TICKET,REPORTER_NAME,12,VARCHAR2,Column,FALSE,200,STRING,2,,true,NAME,,,
Oracle_UAT,CUSTOMER,SUPPORT_TICKET,SUPPORT_TICKET,REPORTER_PHONE,12,VARCHAR2,Column,TRUE,30,STRING,4,,true,TELEPHONE_NUMBER,,,
Oracle_UAT,CUSTOMER,SUPPORT_TICKET,SUPPORT_TICKET,RESOLUTION_NOTES,12,VARCHAR2,Column,TRUE,2000,STRING,11,,true,NOTES,,,
Oracle_UAT,CUSTOMER,SUPPORT_TICKET,SUPPORT_TICKET,STATUS,12,VARCHAR2,Column,FALSE,20,STRING,8,,,,,,
Oracle_UAT,CUSTOMER,SUPPORT_TICKET,SUPPORT_TICKET,SUBJECT,12,VARCHAR2,Column,FALSE,300,STRING,5,,,,,,
Oracle_UAT,CUSTOMER,SUPPORT_TICKET,SUPPORT_TICKET,TICKET_ID,2,NUMBER,Column,FALSE,0,REAL,1,true,,,,true,
Oracle_UAT,CUSTOMER,SUPPORT_TICKET,SUPPORT_TICKET,UPDATED_TS,93,TIMESTAMP(6),Column,TRUE,11,DATETIME,10,,,,,,
Oracle_UAT,CUSTOMER,SUPPORT_TICKET_TAR,SUPPORT_TICKET_TAR,CREATED_TS,93,TIMESTAMP(6),Column,FALSE,11,DATETIME,8,,,,,,
Oracle_UAT,CUSTOMER,SUPPORT_TICKET_TAR,SUPPORT_TICKET_TAR,PRIORITY,12,VARCHAR2,Column,FALSE,10,STRING,6,,,,,,
Oracle_UAT,CUSTOMER,SUPPORT_TICKET_TAR,SUPPORT_TICKET_TAR,REPORTER_EMAIL,12,VARCHAR2,Column,TRUE,320,STRING,3,,true,EMAIL,,,
Oracle_UAT,CUSTOMER,SUPPORT_TICKET_TAR,SUPPORT_TICKET_TAR,REPORTER_NAME,12,VARCHAR2,Column,FALSE,200,STRING,2,,true,NAME,,,
Oracle_UAT,CUSTOMER,SUPPORT_TICKET_TAR,SUPPORT_TICKET_TAR,REPORTER_PHONE,12,VARCHAR2,Column,TRUE,30,STRING,4,,true,TELEPHONE_NUMBER,,,
Oracle_UAT,CUSTOMER,SUPPORT_TICKET_TAR,SUPPORT_TICKET_TAR,RESOLUTION_NOTES,12,VARCHAR2,Column,TRUE,2000,STRING,10,,true,NOTES,,,
Oracle_UAT,CUSTOMER,SUPPORT_TICKET_TAR,SUPPORT_TICKET_TAR,STATUS,12,VARCHAR2,Column,FALSE,20,STRING,7,,,,,,
Oracle_UAT,CUSTOMER,SUPPORT_TICKET_TAR,SUPPORT_TICKET_TAR,SUBJECT,12,VARCHAR2,Column,FALSE,300,STRING,5,,,,,,
Oracle_UAT,CUSTOMER,SUPPORT_TICKET_TAR,SUPPORT_TICKET_TAR,TICKET_ID,2,NUMBER,Column,FALSE,0,REAL,1,true,,,,true,
Oracle_UAT,CUSTOMER,SUPPORT_TICKET_TAR,SUPPORT_TICKET_TAR,UPDATED_TS,93,TIMESTAMP(6),Column,TRUE,11,DATETIME,9,,,,,,
Oracle_UAT,CUSTOMER,TEST_TABLE,TEST_TABLE,CUSTOMER_ID,2,NUMBER,Column,FALSE,38,REAL,1,true,,,,true,
Oracle_UAT,CUSTOMER,TEST_TABLE,TEST_TABLE,FIRST_NAME,12,VARCHAR2,Column,TRUE,50,STRING,3,,true,FIRST_NAME,,,
Oracle_UAT,CUSTOMER,TEST_TABLE,TEST_TABLE,LAST_NAME,12,VARCHAR2,Column,TRUE,50,STRING,4,,true,LAST_NAME,,,
Oracle_UAT,CUSTOMER,TEST_TABLE,TEST_TABLE,SSN,12,VARCHAR2,Column,TRUE,50,STRING,2,,true,SOCIAL_SECURITY_NUMBER,,,
Oracle_UAT,CUSTOMER,TEST_TABLE_SRC,TEST_TABLE_SRC,CUSTOMER_ID,12,VARCHAR2,Column,FALSE,50,STRING,1,true,,,,true,
Oracle_UAT,CUSTOMER,TEST_TABLE_SRC,TEST_TABLE_SRC,FIRST_NAME,12,VARCHAR2,Column,TRUE,50,STRING,3,,true,FIRST_NAME,,,
Oracle_UAT,CUSTOMER,TEST_TABLE_SRC,TEST_TABLE_SRC,LAST_NAME,12,VARCHAR2,Column,TRUE,50,STRING,4,,true,LAST_NAME,,,
Oracle_UAT,CUSTOMER,TEST_TABLE_SRC,TEST_TABLE_SRC,SSN,12,VARCHAR2,Column,TRUE,50,STRING,2,,true,SOCIAL_SECURITY_NUMBER,,,
Oracle_UAT,CUSTOMER,TEST_TABLE_TAR,TEST_TABLE_TAR,CUSTOMER_ID,12,VARCHAR2,Column,FALSE,50,STRING,1,true,,,,true,
Oracle_UAT,CUSTOMER,TEST_TABLE_TAR,TEST_TABLE_TAR,FIRST_NAME,12,VARCHAR2,Column,TRUE,50,STRING,3,,true,FIRST_NAME,,,
Oracle_UAT,CUSTOMER,TEST_TABLE_TAR,TEST_TABLE_TAR,LAST_NAME,12,VARCHAR2,Column,TRUE,50,STRING,4,,true,LAST_NAME,,,
Oracle_UAT,CUSTOMER,TEST_TABLE_TAR,TEST_TABLE_TAR,SSN,12,VARCHAR2,Column,TRUE,50,STRING,2,,true,SOCIAL_SECURITY_NUMBER,,,
Oracle_UAT,CUSTOMER,TMP_ENTITY_INCLUSION,TMP_ENTITY_INCLUSION,CUSTOMER_ID,12,VARCHAR2,Column,TRUE,81,STRING,1,,,,,,
Oracle_UAT,CUSTOMER,TRANSACTIONS,TRANSACTIONS,ACCOUNT_HOLDER_EMAIL,12,VARCHAR2,Column,TRUE,320,STRING,3,,true,EMAIL,,,
Oracle_UAT,CUSTOMER,TRANSACTIONS,TRANSACTIONS,ACCOUNT_HOLDER_NAME,12,VARCHAR2,Column,FALSE,200,STRING,2,,true,NAME,,,
Oracle_UAT,CUSTOMER,TRANSACTIONS,TRANSACTIONS,ACCOUNT_HOLDER_PHONE,12,VARCHAR2,Column,TRUE,30,STRING,4,,true,TELEPHONE_NUMBER,,,
Oracle_UAT,CUSTOMER,TRANSACTIONS,TRANSACTIONS,AMOUNT,2,NUMBER,Column,FALSE,12,REAL,10,,,,,,
Oracle_UAT,CUSTOMER,TRANSACTIONS,TRANSACTIONS,BILLING_ADDRESS,12,VARCHAR2,Column,TRUE,500,STRING,5,,true,ADDRESS,,,
Oracle_UAT,CUSTOMER,TRANSACTIONS,TRANSACTIONS,CURRENCY_CODE,1,CHAR,Column,FALSE,3,STRING,9,,,,,,
Oracle_UAT,CUSTOMER,TRANSACTIONS,TRANSACTIONS,FEE_AMOUNT,2,NUMBER,Column,FALSE,12,REAL,11,,,,,,
Oracle_UAT,CUSTOMER,TRANSACTIONS,TRANSACTIONS,MERCHANT_CATEGORY,12,VARCHAR2,Column,TRUE,50,STRING,14,,,,,,
Oracle_UAT,CUSTOMER,TRANSACTIONS,TRANSACTIONS,NET_AMOUNT,2,NUMBER,Column,TRUE,12,REAL,12,,,,,,
Oracle_UAT,CUSTOMER,TRANSACTIONS,TRANSACTIONS,NOTES,12,VARCHAR2,Column,TRUE,1000,STRING,15,,true,NOTES,,,
Oracle_UAT,CUSTOMER,TRANSACTIONS,TRANSACTIONS,PAYMENT_METHOD,12,VARCHAR2,Column,FALSE,30,STRING,8,,true,CREDIT_CARD,,,
Oracle_UAT,CUSTOMER,TRANSACTIONS,TRANSACTIONS,TRANSACTION_DATE,93,DATE,Column,FALSE,7,DATETIME,7,,,,,,
Oracle_UAT,CUSTOMER,TRANSACTIONS,TRANSACTIONS,TRANSACTION_ID,2,NUMBER,Column,FALSE,0,REAL,1,true,,,,true,
Oracle_UAT,CUSTOMER,TRANSACTIONS,TRANSACTIONS,TRANSACTION_REF,12,VARCHAR2,Column,FALSE,60,STRING,6,,,,,true,
Oracle_UAT,CUSTOMER,TRANSACTIONS,TRANSACTIONS,TRANSACTION_STATUS,12,VARCHAR2,Column,FALSE,20,STRING,13,,,,,,
Oracle_UAT,CUSTOMER,TRANSACTIONS_TAR,TRANSACTIONS_TAR,ACCOUNT_HOLDER_EMAIL,12,VARCHAR2,Column,TRUE,320,STRING,3,,true,EMAIL,,,
Oracle_UAT,CUSTOMER,TRANSACTIONS_TAR,TRANSACTIONS_TAR,ACCOUNT_HOLDER_NAME,12,VARCHAR2,Column,FALSE,200,STRING,2,,true,NAME,,,
Oracle_UAT,CUSTOMER,TRANSACTIONS_TAR,TRANSACTIONS_TAR,ACCOUNT_HOLDER_PHONE,12,VARCHAR2,Column,TRUE,30,STRING,4,,true,TELEPHONE_NUMBER,,,
Oracle_UAT,CUSTOMER,TRANSACTIONS_TAR,TRANSACTIONS_TAR,AMOUNT,2,NUMBER,Column,FALSE,12,REAL,10,,,,,,
Oracle_UAT,CUSTOMER,TRANSACTIONS_TAR,TRANSACTIONS_TAR,BILLING_ADDRESS,12,VARCHAR2,Column,TRUE,500,STRING,5,,true,ADDRESS,,,
Oracle_UAT,CUSTOMER,TRANSACTIONS_TAR,TRANSACTIONS_TAR,CURRENCY_CODE,1,CHAR,Column,FALSE,3,STRING,9,,,,,,
Oracle_UAT,CUSTOMER,TRANSACTIONS_TAR,TRANSACTIONS_TAR,FEE_AMOUNT,2,NUMBER,Column,FALSE,12,REAL,11,,,,,,
Oracle_UAT,CUSTOMER,TRANSACTIONS_TAR,TRANSACTIONS_TAR,MERCHANT_CATEGORY,12,VARCHAR2,Column,TRUE,50,STRING,14,,,,,,
Oracle_UAT,CUSTOMER,TRANSACTIONS_TAR,TRANSACTIONS_TAR,NET_AMOUNT,2,NUMBER,Column,TRUE,12,REAL,12,,,,,,
Oracle_UAT,CUSTOMER,TRANSACTIONS_TAR,TRANSACTIONS_TAR,NOTES,12,VARCHAR2,Column,TRUE,1000,STRING,15,,true,NOTES,,,
Oracle_UAT,CUSTOMER,TRANSACTIONS_TAR,TRANSACTIONS_TAR,PAYMENT_METHOD,12,VARCHAR2,Column,FALSE,30,STRING,8,,true,CREDIT_CARD,,,
Oracle_UAT,CUSTOMER,TRANSACTIONS_TAR,TRANSACTIONS_TAR,TRANSACTION_DATE,93,DATE,Column,FALSE,7,DATETIME,7,,,,,,
Oracle_UAT,CUSTOMER,TRANSACTIONS_TAR,TRANSACTIONS_TAR,TRANSACTION_ID,2,NUMBER,Column,FALSE,0,REAL,1,true,,,,true,
Oracle_UAT,CUSTOMER,TRANSACTIONS_TAR,TRANSACTIONS_TAR,TRANSACTION_REF,12,VARCHAR2,Column,FALSE,60,STRING,6,,,,,true,
Oracle_UAT,CUSTOMER,TRANSACTIONS_TAR,TRANSACTIONS_TAR,TRANSACTION_STATUS,12,VARCHAR2,Column,FALSE,20,STRING,13,,,,,,
Oracle_UAT,CUSTOMER,USAGE,USAGE,BILLING_ADDRESS,12,VARCHAR2,Column,TRUE,500,STRING,4,,true,ADDRESS,,,
Oracle_UAT,CUSTOMER,USAGE,USAGE,PLAN_TIER,12,VARCHAR2,Column,TRUE,30,STRING,11,,,,,,
Oracle_UAT,CUSTOMER,USAGE,USAGE,PRODUCT_CODE,12,VARCHAR2,Column,FALSE,50,STRING,6,,,,,,
Oracle_UAT,CUSTOMER,USAGE,USAGE,RECORDED_AT,93,TIMESTAMP(6),Column,FALSE,11,DATETIME,12,,,,,,
Oracle_UAT,CUSTOMER,USAGE,USAGE,TAX_ID,12,VARCHAR2,Column,TRUE,40,STRING,5,,true,TAX_ID,,,
Oracle_UAT,CUSTOMER,USAGE,USAGE,UNIT_TYPE,12,VARCHAR2,Column,FALSE,30,STRING,8,,,,,,
Oracle_UAT,CUSTOMER,USAGE,USAGE,USAGE_END_DATE,93,DATE,Column,FALSE,7,DATETIME,10,,,,,,
Oracle_UAT,CUSTOMER,USAGE,USAGE,USAGE_ID,2,NUMBER,Column,FALSE,0,REAL,1,true,,,,true,
Oracle_UAT,CUSTOMER,USAGE,USAGE,USAGE_START_DATE,93,DATE,Column,FALSE,7,DATETIME,9,,,,,,
Oracle_UAT,CUSTOMER,USAGE,USAGE,USAGE_UNITS,2,NUMBER,Column,FALSE,12,REAL,7,,,,,,
Oracle_UAT,CUSTOMER,USAGE,USAGE,USER_EMAIL,12,VARCHAR2,Column,TRUE,320,STRING,3,,true,EMAIL,,,
Oracle_UAT,CUSTOMER,USAGE,USAGE,USER_NAME,12,VARCHAR2,Column,FALSE,200,STRING,2,,true,NAME,,,
Oracle_UAT,CUSTOMER,USAGE_TAR,USAGE_TAR,BILLING_ADDRESS,12,VARCHAR2,Column,TRUE,500,STRING,4,,true,ADDRESS,,,
Oracle_UAT,CUSTOMER,USAGE_TAR,USAGE_TAR,PLAN_TIER,12,VARCHAR2,Column,TRUE,30,STRING,11,,,,,,
Oracle_UAT,CUSTOMER,USAGE_TAR,USAGE_TAR,PRODUCT_CODE,12,VARCHAR2,Column,FALSE,50,STRING,6,,,,,,
Oracle_UAT,CUSTOMER,USAGE_TAR,USAGE_TAR,RECORDED_AT,93,TIMESTAMP(6),Column,FALSE,11,DATETIME,12,,,,,,
Oracle_UAT,CUSTOMER,USAGE_TAR,USAGE_TAR,TAX_ID,12,VARCHAR2,Column,TRUE,40,STRING,5,,true,TAX_ID,,,
Oracle_UAT,CUSTOMER,USAGE_TAR,USAGE_TAR,UNIT_TYPE,12,VARCHAR2,Column,FALSE,30,STRING,8,,,,,,
Oracle_UAT,CUSTOMER,USAGE_TAR,USAGE_TAR,USAGE_END_DATE,93,DATE,Column,FALSE,7,DATETIME,10,,,,,,
Oracle_UAT,CUSTOMER,USAGE_TAR,USAGE_TAR,USAGE_ID,2,NUMBER,Column,FALSE,0,REAL,1,true,,,,true,
Oracle_UAT,CUSTOMER,USAGE_TAR,USAGE_TAR,USAGE_START_DATE,93,DATE,Column,FALSE,7,DATETIME,9,,,,,,
Oracle_UAT,CUSTOMER,USAGE_TAR,USAGE_TAR,USAGE_UNITS,2,NUMBER,Column,FALSE,12,REAL,7,,,,,,
Oracle_UAT,CUSTOMER,USAGE_TAR,USAGE_TAR,USER_EMAIL,12,VARCHAR2,Column,TRUE,320,STRING,3,,true,EMAIL,,,
Oracle_UAT,CUSTOMER,USAGE_TAR,USAGE_TAR,USER_NAME,12,VARCHAR2,Column,FALSE,200,STRING,2,,true,NAME,,,
Oracle_UAT,K2MASKING,MASKING_CACHE,MASKING_CACHE,CLONE_ID,12,VARCHAR2,Column,FALSE,255,STRING,7,true,,,,true,
Oracle_UAT,K2MASKING,MASKING_CACHE,MASKING_CACHE,ENVIRONMENT,12,VARCHAR2,Column,FALSE,255,STRING,1,true,,,,true,
Oracle_UAT,K2MASKING,MASKING_CACHE,MASKING_CACHE,EXECUTION_ID,12,VARCHAR2,Column,FALSE,255,STRING,2,true,,,,true,
Oracle_UAT,K2MASKING,MASKING_CACHE,MASKING_CACHE,EXPIRATION_DATE,2,NUMBER,Column,TRUE,19,REAL,8,,true,CREDIT_CARD,,,
Oracle_UAT,K2MASKING,MASKING_CACHE,MASKING_CACHE,INSTANCE_ID,12,VARCHAR2,Column,FALSE,255,STRING,4,true,,,,true,
Oracle_UAT,K2MASKING,MASKING_CACHE,MASKING_CACHE,MASKED_VALUE,12,VARCHAR2,Column,TRUE,255,STRING,6,,,,,,
Oracle_UAT,K2MASKING,MASKING_CACHE,MASKING_CACHE,MASKING_ID,12,VARCHAR2,Column,FALSE,255,STRING,3,true,,,,true,
Oracle_UAT,K2MASKING,MASKING_CACHE,MASKING_CACHE,ORIGINAL_VALUE_HASH,12,VARCHAR2,Column,FALSE,255,STRING,5,true,true,ORIGIN,,true,
Oracle_UAT,K2MASKING,MY_TABLE,MY_TABLE,ID,2,NUMBER,Column,FALSE,0,REAL,1,true,,,,true,
Oracle_UAT,K2MASKING,MY_TABLE,MY_TABLE,NAME,12,VARCHAR2,Column,TRUE,100,STRING,2,,true,NAME,,,
Oracle_UAT,K2MASKING,MY_TABLES,MY_TABLES,ID,2,NUMBER,Column,FALSE,0,REAL,1,true,,,,true,
Oracle_UAT,K2MASKING,MY_TABLES,MY_TABLES,NAME,12,VARCHAR2,Column,TRUE,100,STRING,2,,true,NAME,,,
Oracle_UAT,K2MASKING,TDM_SEQ_MAPPING,TDM_SEQ_MAPPING,COLUMN_NAME,12,VARCHAR2,Column,TRUE,255,STRING,5,,true,NAME,,,
Oracle_UAT,K2MASKING,TDM_SEQ_MAPPING,TDM_SEQ_MAPPING,IID,12,VARCHAR2,Column,FALSE,255,STRING,8,true,,,,true,
Oracle_UAT,K2MASKING,TDM_SEQ_MAPPING,TDM_SEQ_MAPPING,LU_TYPE,12,VARCHAR2,Column,FALSE,255,STRING,2,true,,,,true,
Oracle_UAT,K2MASKING,TDM_SEQ_MAPPING,TDM_SEQ_MAPPING,SEQ_NAME,12,VARCHAR2,Column,FALSE,255,STRING,3,true,true,NAME,,true,
Oracle_UAT,K2MASKING,TDM_SEQ_MAPPING,TDM_SEQ_MAPPING,SOURCE_VALUE,12,VARCHAR2,Column,TRUE,255,STRING,6,,,,,,
Oracle_UAT,K2MASKING,TDM_SEQ_MAPPING,TDM_SEQ_MAPPING,TABLE_NAME,12,VARCHAR2,Column,FALSE,255,STRING,4,true,true,NAME,,true,
Oracle_UAT,K2MASKING,TDM_SEQ_MAPPING,TDM_SEQ_MAPPING,TARGET_VALUE,12,VARCHAR2,Column,FALSE,255,STRING,7,true,,,,true,
Oracle_UAT,K2MASKING,TDM_SEQ_MAPPING,TDM_SEQ_MAPPING,TASK_EXECUTION_ID,12,VARCHAR2,Column,FALSE,255,STRING,1,true,,,,true,
Oracle_UAT,K2MASKING,TEST_TABLE,TEST_TABLE,ID,2,NUMBER,Column,FALSE,0,REAL,1,true,,,,true,
Oracle_UAT,K2MASKING,TEST_TABLE,TEST_TABLE,NAME,12,VARCHAR2,Column,TRUE,100,STRING,2,,true,NAME,,,
Oracle_UAT,K2MASKING,UNIQUENESS,UNIQUENESS,ENVIRONMENT,12,VARCHAR2,Column,FALSE,255,STRING,1,true,,,,true,
Oracle_UAT,K2MASKING,UNIQUENESS,UNIQUENESS,EXECUTION_ID,12,VARCHAR2,Column,FALSE,255,STRING,2,true,,,,true,
Oracle_UAT,K2MASKING,UNIQUENESS,UNIQUENESS,EXPIRATION_DATE,2,NUMBER,Column,TRUE,19,REAL,5,,true,CREDIT_CARD,,,
Oracle_UAT,K2MASKING,UNIQUENESS,UNIQUENESS,MASKED_VALUE,12,VARCHAR2,Column,FALSE,255,STRING,4,true,true,SOCIAL_SECURITY_NUMBER,,true,
Oracle_UAT,K2MASKING,UNIQUENESS,UNIQUENESS,MASKING_ID,12,VARCHAR2,Column,FALSE,255,STRING,3,true,,,,true,
